taxid	pg	order	ng-mast	azm_mic	azm_int	azm_cat	cfm_mic	cfm_int	cfm_cat	cip_mic	cip_int	cip_cat	cro_mic	cro_int	cro_cat
GCGS0001	6	62	908	1	1.0-1.0	S	0.25	0.25-0.25	R	16	16.0-16.0	R	0.125	0.125-0.125	R
GCGS0002	5	399	1582	1	1.0-1.0	S	0.015	0.015-0.015	S	16	16.0-16.0	R	0.03	0.03-0.03	S
GCGS0003	6	271	908	1	1.0-1.0	S	0.25	0.25-0.25	R	16	16.0-16.0	R	0.125	0.125-0.125	R
GCGS0004	5	402	NA	1	1.0-1.0	S	0.015	0.015-0.015	S	16	16.0-16.0	R	0.03	0.03-0.03	S
GCGS0005	6	61	NA	1	1.0-1.0	S	0.5	0.5-0.5	R	16	16.0-16.0	R	0.06	0.06-0.06	S
GCGS0006	5	449	1417	1	1.0-1.0	S	0.015	0.015-0.015	S	8	8.0-8.0	R	0.03	0.03-0.03	S
GCGS0007	6	272	3025	0.5	0.5-0.5	S	0.25	0.25-0.25	R	16	16.0-16.0	R	0.06	0.06-0.06	S
GCGS0008	9	680	3403	0.25	0.25-0.25	S	0.015	0.015-0.015	S	1	1.0-1.0	R	0.008	0.008-0.008	S
GCGS0009	4	1036	301	0.25	0.25-0.25	S	0.063	0.063-0.063	S	0.004	0.004-0.004	S	0.032	0.032-0.032	S
GCGS0010	4	1040	NA	0.5	0.5-0.5	S	0.015	0.015-0.015	S	0.015	0.015-0.015	S	0.015	0.015-0.015	S
GCGS0012	2	842	NA	0.25	0.25-0.25	S	0.06	0.06-0.06	S	0.015	0.015-0.015	S	0.06	0.06-0.06	S
GCGS0013	3	531	NA	0.25	0.25-0.25	S	0.063	0.063-0.063	S	0.004	0.004-0.004	S	0.032	0.032-0.032	S
GCGS0014	2	840	NA	0.5	0.5-0.5	S	0.06	0.06-0.06	S	0.015	0.015-0.015	S	0.06	0.06-0.06	S
GCGS0015	3	532	NA	0.25	0.25-0.25	S	0.063	0.063-0.063	S	0.004	0.004-0.004	S	0.032	0.032-0.032	S
GCGS0016	2	839	NA	0.25	0.25-0.25	S	0.06	0.06-0.06	S	0.015	0.015-0.015	S	0.06	0.06-0.06	S
GCGS0017	6	101	908	1	1.0-1.0	S	0.25	0.25-0.25	R	32	32.0-32.0	R	0.06	0.06-0.06	S
GCGS0018	7	947	1808	8	8.0-8.0	R	0.015	0.015-0.015	S	0.015	0.015-0.015	S	0.008	0.008-0.008	S
GCGS0019	6	100	908	1	1.0-1.0	S	0.25	0.25-0.25	R	32	32.0-32.0	R	0.06	0.06-0.06	S
GCGS0020	5	334	105	0.5	0.5-0.5	S	0.015	0.015-0.015	S	2	2.0-2.0	R	0.008	0.008-0.008	S
GCGS0021	6	102	908	1	1.0-1.0	S	0.25	0.25-0.25	R	32	32.0-32.0	R	0.06	0.06-0.06	S
GCGS0022	1	572	4	0.5	0.5-0.5	S	0.06	0.06-0.06	S	16	16.0-16.0	R	0.06	0.06-0.06	S
GCGS0023	6	282	543	0.5	0.5-0.5	S	0.25	0.25-0.25	R	16	16.0-16.0	R	0.03	0.03-0.03	S
GCGS0024	2	814	543	0.5	0.5-0.5	S	0.06	0.06-0.06	S	4	4.0-4.0	R	0.06	0.06-0.06	S
GCGS0025	6	105	908	0.5	0.5-0.5	S	0.25	0.25-0.25	R	16	16.0-16.0	R	0.06	0.06-0.06	S
GCGS0026	1	617	NA	0.5	0.5-0.5	S	0.06	0.06-0.06	S	16	16.0-16.0	R	0.06	0.06-0.06	S
GCGS0027	6	108	908	0.5	0.5-0.5	S	0.25	0.25-0.25	R	32	32.0-32.0	R	0.03	0.03-0.03	S
GCGS0028	6	155	908	1	1.0-1.0	S	0.015	0.015-0.015	S	8	8.0-8.0	R	0.008	0.008-0.008	S
GCGS0029	6	110	908	0.5	0.5-0.5	S	0.25	0.25-0.25	R	32	32.0-32.0	R	0.06	0.06-0.06	S
GCGS0030	6	147	908	1	1.0-1.0	S	0.015	0.015-0.015	S	8	8.0-8.0	R	0.008	0.008-0.008	S
GCGS0031	6	109	908	0.5	0.5-0.5	S	0.5	0.5-0.5	R	32	32.0-32.0	R	0.03	0.03-0.03	S
GCGS0032	1	626	2329	0.5	0.5-0.5	S	0.03	0.03-0.03	S	16	16.0-16.0	R	0.03	0.03-0.03	S
GCGS0033	6	184	1388	0.25	0.25-0.25	S	0.25	0.25-0.25	R	16	16.0-16.0	R	0.06	0.06-0.06	S
GCGS0034	2	454	3522	1	1.0-1.0	S	0.06	0.06-0.06	S	32	32.0-32.0	R	0.06	0.06-0.06	S
GCGS0035	6	159	NA	1	1.0-1.0	S	0.25	0.25-0.25	R	32	32.0-32.0	R	0.125	0.125-0.125	R
GCGS0036	5	410	1678	0.5	0.5-0.5	S	0.03	0.03-0.03	S	16	16.0-16.0	R	0.015	0.015-0.015	S
GCGS0037	6	117	908	0.5	0.5-0.5	S	0.5	0.5-0.5	R	32	32.0-32.0	R	0.125	0.125-0.125	R
GCGS0038	7	951	1808	8	8.0-8.0	R	0.015	0.015-0.015	S	0.015	0.015-0.015	S	0.008	0.008-0.008	S
GCGS0039	6	193	NA	1	1.0-1.0	S	0.25	0.25-0.25	R	16	16.0-16.0	R	0.125	0.125-0.125	R
GCGS0040	2	815	543	0.125	0.125-0.125	S	0.03	0.03-0.03	S	16	16.0-16.0	R	0.03	0.03-0.03	S
GCGS0041	6	22	908	1	1.0-1.0	S	0.25	0.25-0.25	R	16	16.0-16.0	R	0.125	0.125-0.125	R
GCGS0042	5	287	14	1	1.0-1.0	S	0.06	0.06-0.06	S	8	8.0-8.0	R	0.06	0.06-0.06	S
GCGS0043	6	196	NA	1	1.0-1.0	S	0.25	0.25-0.25	R	16	16.0-16.0	R	0.06	0.06-0.06	S
GCGS0044	1	628	NA	0.5	0.5-0.5	S	0.06	0.06-0.06	S	16	16.0-16.0	R	0.06	0.06-0.06	S
GCGS0045	6	188	NA	1	1.0-1.0	S	0.25	0.25-0.25	R	16	16.0-16.0	R	0.06	0.06-0.06	S
GCGS0046	6	198	NA	1	1.0-1.0	S	0.125	0.125-0.125	S	16	16.0-16.0	R	0.063	0.063-0.063	S
GCGS0047	6	192	NA	1	1.0-1.0	S	0.25	0.25-0.25	R	16	16.0-16.0	R	0.06	0.06-0.06	S
GCGS0049	6	187	NA	1	1.0-1.0	S	0.25	0.25-0.25	R	16	16.0-16.0	R	0.06	0.06-0.06	S
GCGS0050	12	735	4754	0.03	0.03-0.03	S	0.015	0.015-0.015	S	0.015	0.015-0.015	S	0.008	0.008-0.008	S
GCGS0051	6	195	NA	0.5	0.5-0.5	S	0.25	0.25-0.25	R	16	16.0-16.0	R	0.06	0.06-0.06	S
GCGS0052	5	321	14	0.5	0.5-0.5	S	0.03	0.03-0.03	S	8	8.0-8.0	R	0.06	0.06-0.06	S
GCGS0053	6	160	NA	1	1.0-1.0	S	0.25	0.25-0.25	R	16	16.0-16.0	R	0.125	0.125-0.125	R
GCGS0054	5	288	14	1	1.0-1.0	S	0.06	0.06-0.06	S	16	16.0-16.0	R	0.06	0.06-0.06	S
GCGS0055	6	83	908	1	1.0-1.0	S	0.25	0.25-0.25	R	16	16.0-16.0	R	0.06	0.06-0.06	S
GCGS0056	1	620	260	0.5	0.5-0.5	S	0.06	0.06-0.06	S	8	8.0-8.0	R	0.06	0.06-0.06	S
GCGS0057	6	253	1914	0.5	0.5-0.5	S	0.25	0.25-0.25	R	16	16.0-16.0	R	0.06	0.06-0.06	S
GCGS0058	5	393	14	0.5	0.5-0.5	S	0.03	0.03-0.03	S	16	16.0-16.0	R	0.03	0.03-0.03	S
GCGS0059	6	128	2237	1	1.0-1.0	S	0.25	0.25-0.25	R	16	16.0-16.0	R	0.125	0.125-0.125	R
GCGS0060	1	627	2329	0.5	0.5-0.5	S	0.06	0.06-0.06	S	8	8.0-8.0	R	0.06	0.06-0.06	S
GCGS0061	6	228	1914	0.5	0.5-0.5	S	0.5	0.5-0.5	R	32	32.0-32.0	R	0.06	0.06-0.06	S
GCGS0062	4	984	59	0.25	0.25-0.25	S	0.015	0.015-0.015	S	4	4.0-4.0	R	0.015	0.015-0.015	S
GCGS0063	6	208	1900	0.5	0.5-0.5	S	0.25	0.25-0.25	R	16	16.0-16.0	R	0.06	0.06-0.06	S
GCGS0064	2	824	14	1	1.0-1.0	S	0.06	0.06-0.06	S	0.015	0.015-0.015	S	0.03	0.03-0.03	S
GCGS0065	6	207	1900	0.5	0.5-0.5	S	0.25	0.25-0.25	R	16	16.0-16.0	R	0.06	0.06-0.06	S
GCGS0066	6	153	908	1	1.0-1.0	S	0.015	0.015-0.015	S	8	8.0-8.0	R	0.008	0.008-0.008	S
GCGS0067	6	231	1903	0.5	0.5-0.5	S	0.25	0.25-0.25	R	16	16.0-16.0	R	0.125	0.125-0.125	R
GCGS0068	6	152	908	0.5	0.5-0.5	S	0.015	0.015-0.015	S	8	8.0-8.0	R	0.008	0.008-0.008	S
GCGS0069	6	161	NA	1	1.0-1.0	S	0.25	0.25-0.25	R	16	16.0-16.0	R	0.125	0.125-0.125	R
GCGS0070	5	446	4016	0.5	0.5-0.5	S	0.03	0.03-0.03	S	4	4.0-4.0	R	0.015	0.015-0.015	S
GCGS0071	4	1076	2700	0.5	0.5-0.5	S	0.25	0.25-0.25	R	0.015	0.015-0.015	S	0.03	0.03-0.03	S
GCGS0072	8	784	19	0.5	0.5-0.5	S	0.015	0.015-0.015	S	0.015	0.015-0.015	S	0.008	0.008-0.008	S
GCGS0073	4	1061	2700	0.25	0.25-0.25	S	0.25	0.25-0.25	R	0.015	0.015-0.015	S	0.06	0.06-0.06	S
GCGS0074	2	875	35	0.25	0.25-0.25	S	0.015	0.015-0.015	S	0.015	0.015-0.015	S	0.008	0.008-0.008	S
GCGS0075	6	274	908	0.5	0.5-0.5	S	0.25	0.25-0.25	R	8	8.0-8.0	R	0.06	0.06-0.06	S
GCGS0076	6	148	908	0.25	0.25-0.25	S	0.015	0.015-0.015	S	8	8.0-8.0	R	0.008	0.008-0.008	S
GCGS0077	6	125	2684	1	1.0-1.0	S	0.25	0.25-0.25	R	16	16.0-16.0	R	0.06	0.06-0.06	S
GCGS0078	1	587	3022	0.06	0.06-0.06	S	0.015	0.015-0.015	S	4	4.0-4.0	R	0.008	0.008-0.008	S
GCGS0079	6	252	1914	0.5	0.5-0.5	S	0.25	0.25-0.25	R	16	16.0-16.0	R	0.06	0.06-0.06	S
GCGS0080	5	292	430	1	1.0-1.0	S	0.015	0.015-0.015	S	16	16.0-16.0	R	0.06	0.06-0.06	S
GCGS0081	6	251	1914	0.125	0.125-0.125	S	0.25	0.25-0.25	R	16	16.0-16.0	R	0.06	0.06-0.06	S
GCGS0082	2	455	1053	0.25	0.25-0.25	S	0.06	0.06-0.06	S	16	16.0-16.0	R	0.06	0.06-0.06	S
GCGS0083	7	953	908	0.5	0.5-0.5	S	0.032	0.032-0.032	S	0.008	0.008-0.008	S	0.032	0.032-0.032	S
GCGS0084	7	952	908	1	1.0-1.0	S	0.015	0.015-0.015	S	0.015	0.015-0.015	S	0.015	0.015-0.015	S
GCGS0085	6	82	2763	0.5	0.5-0.5	S	0.25	0.25-0.25	R	32	32.0-32.0	R	0.03	0.03-0.03	S
GCGS0086	5	297	105	1	1.0-1.0	S	0.03	0.03-0.03	S	4	4.0-4.0	R	0.015	0.015-0.015	S
GCGS0087	6	163	2078	0.5	0.5-0.5	S	0.25	0.25-0.25	R	32	32.0-32.0	R	0.03	0.03-0.03	S
GCGS0088	6	162	2078	0.5	0.5-0.5	S	0.125	0.125-0.125	S	16	16.0-16.0	R	0.063	0.063-0.063	S
GCGS0089	6	7	908	1	1.0-1.0	S	0.25	0.25-0.25	R	32	32.0-32.0	R	0.03	0.03-0.03	S
GCGS0090	9	666	2583	0.25	0.25-0.25	S	0.015	0.015-0.015	S	1	1.0-1.0	R	0.008	0.008-0.008	S
GCGS0091	6	60	NA	1	1.0-1.0	S	0.25	0.25-0.25	R	16	16.0-16.0	R	0.06	0.06-0.06	S
GCGS0092	4	983	59	0.25	0.25-0.25	S	0.06	0.06-0.06	S	0.015	0.015-0.015	S	0.06	0.06-0.06	S
GCGS0093	6	59	NA	1	1.0-1.0	S	0.25	0.25-0.25	R	16	16.0-16.0	R	0.125	0.125-0.125	R
GCGS0094	5	314	NA	1	1.0-1.0	S	0.03	0.03-0.03	S	8	8.0-8.0	R	0.03	0.03-0.03	S
GCGS0095	6	270	908	1	1.0-1.0	S	0.25	0.25-0.25	R	16	16.0-16.0	R	0.06	0.06-0.06	S
GCGS0096	7	921	1808	16	16.0-16.0	R	0.03	0.03-0.03	S	0.015	0.015-0.015	S	0.008	0.008-0.008	S
GCGS0097	6	273	908	0.5	0.5-0.5	S	0.5	0.5-0.5	R	16	16.0-16.0	R	0.125	0.125-0.125	R
GCGS0098	7	920	1808	16	16.0-16.0	R	0.03	0.03-0.03	S	0.015	0.015-0.015	S	0.008	0.008-0.008	S
GCGS0099	5	435	14	1	1.0-1.0	S	0.5	0.5-0.5	R	16	16.0-16.0	R	0.25	0.25-0.25	R
GCGS0100	2	838	NA	0.25	0.25-0.25	S	0.06	0.06-0.06	S	0.015	0.015-0.015	S	0.06	0.06-0.06	S
GCGS0101	6	267	908	0.125	0.125-0.125	S	0.25	0.25-0.25	R	16	16.0-16.0	R	0.06	0.06-0.06	S
GCGS0102	6	132	3003	16	16.0-16.0	R	0.125	0.125-0.125	S	16	16.0-16.0	R	0.063	0.063-0.063	S
GCGS0103	6	269	908	0.5	0.5-0.5	S	0.25	0.25-0.25	R	16	16.0-16.0	R	0.03	0.03-0.03	S
GCGS0104	6	35	908	4	4.0-4.0	R	0.125	0.125-0.125	S	16	16.0-16.0	R	0.063	0.063-0.063	S
GCGS0105	6	182	2623	0.5	0.5-0.5	S	0.25	0.25-0.25	R	16	16.0-16.0	R	0.06	0.06-0.06	S
GCGS0106	4	1033	301	8	8.0-8.0	R	0.015	0.015-0.015	S	0.015	0.015-0.015	S	0.008	0.008-0.008	S
GCGS0107	6	112	908	0.5	0.5-0.5	S	0.25	0.25-0.25	R	16	16.0-16.0	R	0.125	0.125-0.125	R
GCGS0108	5	432	1259	0.25	0.25-0.25	S	0.03	0.03-0.03	S	16	16.0-16.0	R	0.06	0.06-0.06	S
GCGS0109	6	284	908	0.5	0.5-0.5	S	0.25	0.25-0.25	R	32	32.0-32.0	R	0.06	0.06-0.06	S
GCGS0110	7	974	1808	16	16.0-16.0	R	0.03	0.03-0.03	S	0.015	0.015-0.015	S	0.008	0.008-0.008	S
GCGS0111	6	283	908	0.5	0.5-0.5	S	0.25	0.25-0.25	R	32	32.0-32.0	R	0.25	0.25-0.25	R
GCGS0112	8	647	514	0.25	0.25-0.25	S	0.015	0.015-0.015	S	4	4.0-4.0	R	0.015	0.015-0.015	S
GCGS0113	6	103	NA	0.5	0.5-0.5	S	0.25	0.25-0.25	R	32	32.0-32.0	R	0.03	0.03-0.03	S
GCGS0114	6	151	908	0.125	0.125-0.125	S	0.015	0.015-0.015	S	2	2.0-2.0	R	0.008	0.008-0.008	S
GCGS0115	6	104	908	0.5	0.5-0.5	S	0.5	0.5-0.5	R	16	16.0-16.0	R	0.06	0.06-0.06	S
GCGS0116	1	579	4	0.06	0.06-0.06	S	0.015	0.015-0.015	S	4	4.0-4.0	R	0.008	0.008-0.008	S
GCGS0117	6	95	908	0.25	0.25-0.25	S	0.25	0.25-0.25	R	16	16.0-16.0	R	0.06	0.06-0.06	S
GCGS0118	7	904	NA	8	8.0-8.0	R	0.03	0.03-0.03	S	0.015	0.015-0.015	S	0.03	0.03-0.03	S
GCGS0119	6	93	908	0.25	0.25-0.25	S	0.25	0.25-0.25	R	16	16.0-16.0	R	0.06	0.06-0.06	S
GCGS0120	7	943	2577	8	8.0-8.0	R	0.015	0.015-0.015	S	0.015	0.015-0.015	S	0.008	0.008-0.008	S
GCGS0121	6	259	908	0.5	0.5-0.5	S	0.5	0.5-0.5	R	16	16.0-16.0	R	0.06	0.06-0.06	S
GCGS0122	5	426	1259	0.25	0.25-0.25	S	0.06	0.06-0.06	S	16	16.0-16.0	R	0.03	0.03-0.03	S
GCGS0123	6	257	908	0.5	0.5-0.5	S	0.25	0.25-0.25	R	16	16.0-16.0	R	0.125	0.125-0.125	R
GCGS0124	6	129	908	1	1.0-1.0	S	0.125	0.125-0.125	S	16	16.0-16.0	R	0.063	0.063-0.063	S
GCGS0125	6	261	908	0.5	0.5-0.5	S	0.25	0.25-0.25	R	16	16.0-16.0	R	0.06	0.06-0.06	S
GCGS0126	7	903	1808	0.25	0.25-0.25	S	0.06	0.06-0.06	S	0.015	0.015-0.015	S	0.03	0.03-0.03	S
GCGS0127	6	226	NA	0.25	0.25-0.25	S	0.25	0.25-0.25	R	8	8.0-8.0	R	0.03	0.03-0.03	S
GCGS0128	7	949	1808	8	8.0-8.0	R	0.03	0.03-0.03	S	0.015	0.015-0.015	S	0.008	0.008-0.008	S
GCGS0129	6	134	908	0.5	0.5-0.5	S	0.25	0.25-0.25	R	32	32.0-32.0	R	0.03	0.03-0.03	S
GCGS0130	5	434	1259	0.5	0.5-0.5	S	0.03	0.03-0.03	S	16	16.0-16.0	R	0.03	0.03-0.03	S
GCGS0131	6	54	908	0.5	0.5-0.5	S	0.25	0.25-0.25	R	32	32.0-32.0	R	0.03	0.03-0.03	S
GCGS0132	5	320	14	0.5	0.5-0.5	S	0.06	0.06-0.06	S	16	16.0-16.0	R	0.03	0.03-0.03	S
GCGS0133	6	262	908	0.5	0.5-0.5	S	0.25	0.25-0.25	R	32	32.0-32.0	R	0.03	0.03-0.03	S
GCGS0134	1	606	14	0.5	0.5-0.5	S	0.03	0.03-0.03	S	16	16.0-16.0	R	0.03	0.03-0.03	S
GCGS0135	6	258	908	0.5	0.5-0.5	S	0.5	0.5-0.5	R	16	16.0-16.0	R	0.03	0.03-0.03	S
GCGS0136	7	950	NA	8	8.0-8.0	R	0.03	0.03-0.03	S	0.015	0.015-0.015	S	0.008	0.008-0.008	S
GCGS0137	6	126	908	0.5	0.5-0.5	S	0.25	0.25-0.25	R	32	32.0-32.0	R	0.06	0.06-0.06	S
GCGS0138	7	948	1808	16	16.0-16.0	R	0.015	0.015-0.015	S	0.015	0.015-0.015	S	0.008	0.008-0.008	S
GCGS0139	6	264	908	1	1.0-1.0	S	0.25	0.25-0.25	R	32	32.0-32.0	R	0.125	0.125-0.125	R
GCGS0140	5	415	1259	1	1.0-1.0	S	0.06	0.06-0.06	S	32	32.0-32.0	R	0.06	0.06-0.06	S
GCGS0141	6	190	NA	0.5	0.5-0.5	S	0.25	0.25-0.25	R	16	16.0-16.0	R	0.06	0.06-0.06	S
GCGS0142	3	474	760	2	2.0-2.0	R	0.015	0.015-0.015	S	0.015	0.015-0.015	S	0.008	0.008-0.008	S
GCGS0143	6	191	NA	0.5	0.5-0.5	S	0.25	0.25-0.25	R	16	16.0-16.0	R	0.125	0.125-0.125	R
GCGS0144	4	1039	NA	0.5	0.5-0.5	S	0.06	0.06-0.06	S	0.015	0.015-0.015	S	0.03	0.03-0.03	S
GCGS0145	6	73	908	1	1.0-1.0	S	0.25	0.25-0.25	R	16	16.0-16.0	R	0.06	0.06-0.06	S
GCGS0146	9	675	30	0.25	0.25-0.25	S	0.03	0.03-0.03	S	1	1.0-1.0	R	0.008	0.008-0.008	S
GCGS0147	6	194	NA	1	1.0-1.0	S	0.25	0.25-0.25	R	16	16.0-16.0	R	0.125	0.125-0.125	R
GCGS0148	5	296	105	0.5	0.5-0.5	S	0.03	0.03-0.03	S	4	4.0-4.0	R	0.015	0.015-0.015	S
GCGS0149	4	1063	2700	0.5	0.5-0.5	S	0.25	0.25-0.25	R	0.015	0.015-0.015	S	0.03	0.03-0.03	S
GCGS0150	8	548	4270	0.5	0.5-0.5	S	0.015	0.015-0.015	S	8	8.0-8.0	R	0.015	0.015-0.015	S
GCGS0151	6	99	908	1	1.0-1.0	S	0.25	0.25-0.25	R	16	16.0-16.0	R	0.06	0.06-0.06	S
GCGS0152	5	451	543	0.5	0.5-0.5	S	0.06	0.06-0.06	S	16	16.0-16.0	R	0.06	0.06-0.06	S
GCGS0153	4	1056	2700	0.5	0.5-0.5	S	0.25	0.25-0.25	R	0.015	0.015-0.015	S	0.03	0.03-0.03	S
GCGS0154	8	654	90	0.5	0.5-0.5	S	0.015	0.015-0.015	S	4	4.0-4.0	R	0.008	0.008-0.008	S
GCGS0155	6	4	908	1	1.0-1.0	S	0.25	0.25-0.25	R	16	16.0-16.0	R	0.125	0.125-0.125	R
GCGS0156	7	924	5505	16	16.0-16.0	R	0.03	0.03-0.03	S	0.015	0.015-0.015	S	0.008	0.008-0.008	S
GCGS0157	6	3	908	1	1.0-1.0	S	0.25	0.25-0.25	R	16	16.0-16.0	R	0.125	0.125-0.125	R
GCGS0158	5	436	14	0.25	0.25-0.25	S	0.03	0.03-0.03	S	16	16.0-16.0	R	0.03	0.03-0.03	S
GCGS0159	6	260	908	0.5	0.5-0.5	S	0.25	0.25-0.25	R	8	8.0-8.0	R	0.06	0.06-0.06	S
GCGS0160	6	154	908	1	1.0-1.0	S	0.015	0.015-0.015	S	8	8.0-8.0	R	0.008	0.008-0.008	S
GCGS0161	4	1059	2700	0.5	0.5-0.5	S	0.25	0.25-0.25	R	0.015	0.015-0.015	S	0.03	0.03-0.03	S
GCGS0162	11	694	19	0.5	0.5-0.5	S	0.015	0.015-0.015	S	0.015	0.015-0.015	S	0.008	0.008-0.008	S
GCGS0163	6	85	2078	0.5	0.5-0.5	S	0.25	0.25-0.25	R	16	16.0-16.0	R	0.25	0.25-0.25	R
GCGS0164	1	634	4	0.25	0.25-0.25	S	0.03	0.03-0.03	S	16	16.0-16.0	R	0.03	0.03-0.03	S
GCGS0165	6	45	908	1	1.0-1.0	S	0.25	0.25-0.25	R	16	16.0-16.0	R	0.06	0.06-0.06	S
GCGS0166	6	145	908	1	1.0-1.0	S	0.015	0.015-0.015	S	8	8.0-8.0	R	0.008	0.008-0.008	S
GCGS0167	4	1046	2700	0.5	0.5-0.5	S	0.25	0.25-0.25	R	0.015	0.015-0.015	S	0.03	0.03-0.03	S
GCGS0168	1	575	4	1	1.0-1.0	S	0.06	0.06-0.06	S	16	16.0-16.0	R	0.06	0.06-0.06	S
GCGS0169	4	1047	2700	0.5	0.5-0.5	S	0.25	0.25-0.25	R	0.015	0.015-0.015	S	0.03	0.03-0.03	S
GCGS0170	1	576	4	0.5	0.5-0.5	S	0.06	0.06-0.06	S	16	16.0-16.0	R	0.06	0.06-0.06	S
GCGS0171	4	1048	2700	0.5	0.5-0.5	S	0.25	0.25-0.25	R	0.015	0.015-0.015	S	0.06	0.06-0.06	S
GCGS0172	2	862	3716	2	2.0-2.0	R	0.015	0.015-0.015	S	0.015	0.015-0.015	S	0.008	0.008-0.008	S
GCGS0173	4	1045	2700	1	1.0-1.0	S	0.25	0.25-0.25	R	0.015	0.015-0.015	S	0.06	0.06-0.06	S
GCGS0174	7	923	1808	16	16.0-16.0	R	0.03	0.03-0.03	S	0.015	0.015-0.015	S	0.008	0.008-0.008	S
GCGS0175	4	1049	2700	0.5	0.5-0.5	S	0.25	0.25-0.25	R	0.015	0.015-0.015	S	0.06	0.06-0.06	S
GCGS0176	7	937	NA	16	16.0-16.0	R	0.015	0.015-0.015	S	0.015	0.015-0.015	S	0.008	0.008-0.008	S
GCGS0177	6	51	7	1	1.0-1.0	S	0.25	0.25-0.25	R	4	4.0-4.0	R	0.03	0.03-0.03	S
GCGS0178	6	144	908	1	1.0-1.0	S	0.03	0.03-0.03	S	16	16.0-16.0	R	0.015	0.015-0.015	S
GCGS0179	6	211	1900	0.25	0.25-0.25	S	0.5	0.5-0.5	R	16	16.0-16.0	R	0.06	0.06-0.06	S
GCGS0180	9	677	5014	0.25	0.25-0.25	S	0.015	0.015-0.015	S	2	2.0-2.0	R	0.015	0.015-0.015	S
GCGS0181	6	209	1900	0.25	0.25-0.25	S	0.5	0.5-0.5	R	16	16.0-16.0	R	0.125	0.125-0.125	R
GCGS0182	5	335	105	0.5	0.5-0.5	S	0.015	0.015-0.015	S	4	4.0-4.0	R	0.008	0.008-0.008	S
GCGS0183	6	206	1900	0.25	0.25-0.25	S	0.25	0.25-0.25	R	16	16.0-16.0	R	0.06	0.06-0.06	S
GCGS0184	8	651	35	0.03	0.03-0.03	S	0.015	0.015-0.015	S	2	2.0-2.0	R	0.008	0.008-0.008	S
GCGS0185	6	216	1900	0.25	0.25-0.25	S	0.25	0.25-0.25	R	16	16.0-16.0	R	0.06	0.06-0.06	S
GCGS0186	9	678	997	0.25	0.25-0.25	S	0.03	0.03-0.03	S	2	2.0-2.0	R	0.03	0.03-0.03	S
GCGS0187	6	210	1900	0.25	0.25-0.25	S	0.25	0.25-0.25	R	16	16.0-16.0	R	0.125	0.125-0.125	R
GCGS0188	9	668	1142	0.25	0.25-0.25	S	0.03	0.03-0.03	S	1	1.0-1.0	R	0.015	0.015-0.015	S
GCGS0189	6	121	2780	1	1.0-1.0	S	0.25	0.25-0.25	R	16	16.0-16.0	R	0.06	0.06-0.06	S
GCGS0190	1	583	4	1	1.0-1.0	S	0.03	0.03-0.03	S	16	16.0-16.0	R	0.03	0.03-0.03	S
GCGS0191	4	1052	2700	0.5	0.5-0.5	S	0.25	0.25-0.25	R	0.015	0.015-0.015	S	0.03	0.03-0.03	S
GCGS0192	7	929	1808	2	2.0-2.0	R	0.03	0.03-0.03	S	0.015	0.015-0.015	S	0.008	0.008-0.008	S
GCGS0193	4	1065	2700	0.5	0.5-0.5	S	0.25	0.25-0.25	R	0.015	0.015-0.015	S	0.03	0.03-0.03	S
GCGS0194	5	447	4016	0.5	0.5-0.5	S	0.015	0.015-0.015	S	4	4.0-4.0	R	0.03	0.03-0.03	S
GCGS0195	6	263	908	0.5	0.5-0.5	S	0.25	0.25-0.25	R	16	16.0-16.0	R	0.06	0.06-0.06	S
GCGS0196	5	301	14	1	1.0-1.0	S	0.03	0.03-0.03	S	16	16.0-16.0	R	0.03	0.03-0.03	S
GCGS0197	4	1053	2700	0.5	0.5-0.5	S	0.25	0.25-0.25	R	0.004	0.004-0.004	S	0.032	0.032-0.032	S
GCGS0198	7	946	2577	16	16.0-16.0	R	0.015	0.015-0.015	S	0.015	0.015-0.015	S	0.008	0.008-0.008	S
GCGS0199	4	1054	2700	0.5	0.5-0.5	S	0.25	0.25-0.25	R	0.004	0.004-0.004	S	0.063	0.063-0.063	S
GCGS0200	8	767	NA	0.125	0.125-0.125	S	0.015	0.015-0.015	S	0.015	0.015-0.015	S	0.015	0.015-0.015	S
GCGS0201	4	1073	2700	0.5	0.5-0.5	S	0.25	0.25-0.25	R	0.004	0.004-0.004	S	0.063	0.063-0.063	S
GCGS0202	7	940	2577	8	8.0-8.0	R	0.03	0.03-0.03	S	0.015	0.015-0.015	S	0.008	0.008-0.008	S
GCGS0203	4	1072	2700	0.5	0.5-0.5	S	0.25	0.25-0.25	R	0.015	0.015-0.015	S	0.06	0.06-0.06	S
GCGS0204	7	942	NA	8	8.0-8.0	R	0.015	0.015-0.015	S	0.015	0.015-0.015	S	0.008	0.008-0.008	S
GCGS0205	6	46	908	1	1.0-1.0	S	0.25	0.25-0.25	R	16	16.0-16.0	R	0.125	0.125-0.125	R
GCGS0206	1	580	4	0.06	0.06-0.06	S	0.015	0.015-0.015	S	4	4.0-4.0	R	0.008	0.008-0.008	S
GCGS0207	4	1060	2700	0.5	0.5-0.5	S	0.25	0.25-0.25	R	0.015	0.015-0.015	S	0.06	0.06-0.06	S
GCGS0208	8	644	NA	1	1.0-1.0	S	0.015	0.015-0.015	S	8	8.0-8.0	R	0.015	0.015-0.015	S
GCGS0209	4	1066	2700	0.5	0.5-0.5	S	0.25	0.25-0.25	R	0.015	0.015-0.015	S	0.03	0.03-0.03	S
GCGS0210	9	671	30	0.25	0.25-0.25	S	0.03	0.03-0.03	S	1	1.0-1.0	R	0.015	0.015-0.015	S
GCGS0211	4	1064	2700	0.25	0.25-0.25	S	0.25	0.25-0.25	R	0.015	0.015-0.015	S	0.03	0.03-0.03	S
GCGS0212	9	670	28	0.25	0.25-0.25	S	0.03	0.03-0.03	S	1	1.0-1.0	R	0.015	0.015-0.015	S
GCGS0213	4	1062	2700	0.5	0.5-0.5	S	0.5	0.5-0.5	R	0.004	0.004-0.004	S	0.063	0.063-0.063	S
GCGS0214	5	333	105	0.5	0.5-0.5	S	0.015	0.015-0.015	S	2	2.0-2.0	R	0.008	0.008-0.008	S
GCGS0215	4	1070	2700	0.25	0.25-0.25	S	0.25	0.25-0.25	R	0.015	0.015-0.015	S	0.03	0.03-0.03	S
GCGS0216	9	660	30	0.25	0.25-0.25	S	0.015	0.015-0.015	S	2	2.0-2.0	R	0.015	0.015-0.015	S
GCGS0217	4	1051	2700	0.5	0.5-0.5	S	0.25	0.25-0.25	R	0.015	0.015-0.015	S	0.03	0.03-0.03	S
GCGS0218	7	908	1808	16	16.0-16.0	R	0.015	0.015-0.015	S	0.015	0.015-0.015	S	0.008	0.008-0.008	S
GCGS0219	4	1050	2700	0.5	0.5-0.5	S	0.25	0.25-0.25	R	0.015	0.015-0.015	S	0.03	0.03-0.03	S
GCGS0220	5	332	105	0.06	0.06-0.06	S	0.015	0.015-0.015	S	2	2.0-2.0	R	0.008	0.008-0.008	S
GCGS0221	4	1068	2700	0.5	0.5-0.5	S	0.25	0.25-0.25	R	0.015	0.015-0.015	S	0.03	0.03-0.03	S
GCGS0222	5	445	4016	0.5	0.5-0.5	S	0.015	0.015-0.015	S	4	4.0-4.0	R	0.03	0.03-0.03	S
GCGS0223	4	1071	2700	0.5	0.5-0.5	S	0.25	0.25-0.25	R	0.015	0.015-0.015	S	0.03	0.03-0.03	S
GCGS0224	7	941	2577	8	8.0-8.0	R	0.015	0.015-0.015	S	0.015	0.015-0.015	S	0.008	0.008-0.008	S
GCGS0225	4	1069	2700	0.5	0.5-0.5	S	0.25	0.25-0.25	R	0.015	0.015-0.015	S	0.03	0.03-0.03	S
GCGS0226	7	939	NA	16	16.0-16.0	R	0.015	0.015-0.015	S	0.015	0.015-0.015	S	0.008	0.008-0.008	S
GCGS0227	6	25	3960	1	1.0-1.0	S	0.25	0.25-0.25	R	16	16.0-16.0	R	0.06	0.06-0.06	S
GCGS0228	7	936	NA	2	2.0-2.0	R	0.015	0.015-0.015	S	0.015	0.015-0.015	S	0.015	0.015-0.015	S
GCGS0229	6	26	3960	0.5	0.5-0.5	S	0.25	0.25-0.25	R	16	16.0-16.0	R	0.06	0.06-0.06	S
GCGS0230	7	938	NA	8	8.0-8.0	R	0.015	0.015-0.015	S	0.015	0.015-0.015	S	0.008	0.008-0.008	S
GCGS0231	6	225	1914	0.25	0.25-0.25	S	0.25	0.25-0.25	R	32	32.0-32.0	R	0.03	0.03-0.03	S
GCGS0232	5	421	1259	0.5	0.5-0.5	S	0.06	0.06-0.06	S	32	32.0-32.0	R	0.03	0.03-0.03	S
GCGS0233	6	71	908	0.5	0.5-0.5	S	0.25	0.25-0.25	R	32	32.0-32.0	R	0.06	0.06-0.06	S
GCGS0234	5	428	1259	0.5	0.5-0.5	S	0.06	0.06-0.06	S	32	32.0-32.0	R	0.03	0.03-0.03	S
GCGS0235	6	248	908	0.25	0.25-0.25	S	0.25	0.25-0.25	R	16	16.0-16.0	R	0.06	0.06-0.06	S
GCGS0236	5	420	1259	0.5	0.5-0.5	S	0.06	0.06-0.06	S	32	32.0-32.0	R	0.03	0.03-0.03	S
GCGS0237	6	120	908	0.25	0.25-0.25	S	0.25	0.25-0.25	R	16	16.0-16.0	R	0.06	0.06-0.06	S
GCGS0238	5	411	195	0.5	0.5-0.5	S	0.06	0.06-0.06	S	32	32.0-32.0	R	0.03	0.03-0.03	S
GCGS0239	6	107	908	0.5	0.5-0.5	S	0.5	0.5-0.5	R	16	16.0-16.0	R	0.125	0.125-0.125	R
GCGS0240	1	635	250	0.5	0.5-0.5	S	0.06	0.06-0.06	S	32	32.0-32.0	R	0.06	0.06-0.06	S
GCGS0241	6	44	908	0.5	0.5-0.5	S	0.5	0.5-0.5	R	16	16.0-16.0	R	0.125	0.125-0.125	R
GCGS0242	6	227	NA	0.25	0.25-0.25	S	0.063	0.063-0.063	S	4	4.0-4.0	R	0.032	0.032-0.032	S
GCGS0243	12	753	55	1	1.0-1.0	S	0.002	0.002-0.002	S	0.004	0.004-0.004	S	0.001	0.001-0.001	S
GCGS0244	10	763	30	1	1.0-1.0	S	0.002	0.002-0.002	S	0.004	0.004-0.004	S	0.001	0.001-0.001	S
GCGS0245	8	797	1095	0.25	0.25-0.25	S	0.002	0.002-0.002	S	0.004	0.004-0.004	S	0.004	0.004-0.004	S
GCGS0246	10	762	NA	8	8.0-8.0	R	0.002	0.002-0.002	S	0.004	0.004-0.004	S	0.001	0.001-0.001	S
GCGS0247	4	882	3	2	2.0-2.0	R	0.004	0.004-0.004	S	0.008	0.008-0.008	S	0.002	0.002-0.002	S
GCGS0248	8	785	NA	0.5	0.5-0.5	S	0.004	0.004-0.004	S	0.004	0.004-0.004	S	0.002	0.002-0.002	S
GCGS0249	4	1014	2001	4	4.0-4.0	R	0.004	0.004-0.004	S	0.008	0.008-0.008	S	0.004	0.004-0.004	S
GCGS0250	12	750	3	1	1.0-1.0	S	0.004	0.004-0.004	S	0.008	0.008-0.008	S	0.002	0.002-0.002	S
GCGS0251	2	850	5754	0.25	0.25-0.25	S	0.004	0.004-0.004	S	0.008	0.008-0.008	S	0.004	0.004-0.004	S
GCGS0252	12	752	3	2	2.0-2.0	R	0.004	0.004-0.004	S	0.008	0.008-0.008	S	0.002	0.002-0.002	S
GCGS0253	12	751	3	1	1.0-1.0	S	0.004	0.004-0.004	S	0.004	0.004-0.004	S	0.001	0.001-0.001	S
GCGS0254	4	1100	50	4	4.0-4.0	R	0.004	0.004-0.004	S	0.004	0.004-0.004	S	0.015	0.015-0.015	S
GCGS0255	8	775	1554	2	2.0-2.0	R	0.008	0.008-0.008	S	0.004	0.004-0.004	S	0.004	0.004-0.004	S
GCGS0256	10	756	134	0.5	0.5-0.5	S	0.008	0.008-0.008	S	0.004	0.004-0.004	S	0.004	0.004-0.004	S
GCGS0257	8	789	28	4	4.0-4.0	R	0.008	0.008-0.008	S	0.004	0.004-0.004	S	0.004	0.004-0.004	S
GCGS0258	11	730	105	4	4.0-4.0	R	0.008	0.008-0.008	S	0.004	0.004-0.004	S	0.002	0.002-0.002	S
GCGS0259	11	729	105	2	2.0-2.0	R	0.008	0.008-0.008	S	0.004	0.004-0.004	S	0.004	0.004-0.004	S
GCGS0260	11	728	105	2	2.0-2.0	R	0.008	0.008-0.008	S	0.004	0.004-0.004	S	0.004	0.004-0.004	S
GCGS0261	12	736	NA	0.5	0.5-0.5	S	0.008	0.008-0.008	S	0.004	0.004-0.004	S	0.004	0.004-0.004	S
GCGS0262	12	737	NA	0.5	0.5-0.5	S	0.008	0.008-0.008	S	0.004	0.004-0.004	S	0.004	0.004-0.004	S
GCGS0263	2	776	NA	0.5	0.5-0.5	S	0.008	0.008-0.008	S	0.004	0.004-0.004	S	0.008	0.008-0.008	S
GCGS0264	4	1092	50	8	8.0-8.0	R	0.008	0.008-0.008	S	0.004	0.004-0.004	S	0.008	0.008-0.008	S
GCGS0265	12	738	343	0.5	0.5-0.5	S	0.008	0.008-0.008	S	0.008	0.008-0.008	S	0.004	0.004-0.004	S
GCGS0266	10	757	30	1	1.0-1.0	S	0.008	0.008-0.008	S	0.004	0.004-0.004	S	0.004	0.004-0.004	S
GCGS0267	4	1088	50	4	4.0-4.0	R	0.008	0.008-0.008	S	0.004	0.004-0.004	S	0.008	0.008-0.008	S
GCGS0268	11	707	50	1	1.0-1.0	S	0.008	0.008-0.008	S	0.004	0.004-0.004	S	0.004	0.004-0.004	S
GCGS0269	4	1022	NA	1	1.0-1.0	S	0.008	0.008-0.008	S	0.002	0.002-0.002	S	0.004	0.004-0.004	S
GCGS0270	3	497	4	0.25	0.25-0.25	S	0.008	0.008-0.008	S	0.015	0.015-0.015	S	0.008	0.008-0.008	S
GCGS0271	4	1086	50	16	16.0-16.0	R	0.008	0.008-0.008	S	0.004	0.004-0.004	S	0.004	0.004-0.004	S
GCGS0272	4	1085	50	16	16.0-16.0	R	0.008	0.008-0.008	S	0.004	0.004-0.004	S	0.004	0.004-0.004	S
GCGS0273	11	717	371	2	2.0-2.0	R	0.008	0.008-0.008	S	0.008	0.008-0.008	S	0.004	0.004-0.004	S
GCGS0274	12	733	343	2	2.0-2.0	R	0.008	0.008-0.008	S	0.004	0.004-0.004	S	0.004	0.004-0.004	S
GCGS0275	4	1012	2001	2	2.0-2.0	R	0.008	0.008-0.008	S	0.004	0.004-0.004	S	0.004	0.004-0.004	S
GCGS0276	4	1013	2001	1	1.0-1.0	S	0.008	0.008-0.008	S	0.004	0.004-0.004	S	0.004	0.004-0.004	S
GCGS0277	8	809	389	0.25	0.25-0.25	S	0.008	0.008-0.008	S	0.015	0.015-0.015	S	0.008	0.008-0.008	S
GCGS0278	5	343	4741	0.25	0.25-0.25	S	0.008	0.008-0.008	S	2	2.0-2.0	R	0.004	0.004-0.004	S
GCGS0279	8	649	NA	0.25	0.25-0.25	S	0.008	0.008-0.008	S	0.125	0.125-0.125	S	0.008	0.008-0.008	S
GCGS0280	11	701	19	2	2.0-2.0	R	0.008	0.008-0.008	S	0.004	0.004-0.004	S	0.004	0.004-0.004	S
GCGS0281	8	807	389	0.5	0.5-0.5	S	0.008	0.008-0.008	S	0.015	0.015-0.015	S	0.008	0.008-0.008	S
GCGS0282	11	709	NA	2	2.0-2.0	R	0.008	0.008-0.008	S	0.008	0.008-0.008	S	0.004	0.004-0.004	S
GCGS0283	11	703	19	8	8.0-8.0	R	0.008	0.008-0.008	S	0.004	0.004-0.004	S	0.004	0.004-0.004	S
GCGS0284	11	700	NA	4	4.0-4.0	R	0.008	0.008-0.008	S	0.008	0.008-0.008	S	0.004	0.004-0.004	S
GCGS0285	4	1090	50	16	16.0-16.0	R	0.008	0.008-0.008	S	0.004	0.004-0.004	S	0.008	0.008-0.008	S
GCGS0286	2	871	NA	0.25	0.25-0.25	S	0.008	0.008-0.008	S	0.008	0.008-0.008	S	0.008	0.008-0.008	S
GCGS0287	3	471	NA	0.25	0.25-0.25	S	0.008	0.008-0.008	S	0.008	0.008-0.008	S	0.008	0.008-0.008	S
GCGS0288	4	1102	50	4	4.0-4.0	R	0.008	0.008-0.008	S	0.004	0.004-0.004	S	0.008	0.008-0.008	S
GCGS0289	4	1097	50	8	8.0-8.0	R	0.008	0.008-0.008	S	0.004	0.004-0.004	S	0.004	0.004-0.004	S
GCGS0290	11	710	NA	2	2.0-2.0	R	0.008	0.008-0.008	S	0.008	0.008-0.008	S	0.004	0.004-0.004	S
GCGS0291	12	734	NA	2	2.0-2.0	R	0.008	0.008-0.008	S	0.004	0.004-0.004	S	0.004	0.004-0.004	S
GCGS0292	11	731	NA	0.125	0.125-0.125	S	0.008	0.008-0.008	S	0.004	0.004-0.004	S	0.004	0.004-0.004	S
GCGS0293	11	711	NA	1	1.0-1.0	S	0.008	0.008-0.008	S	0.004	0.004-0.004	S	0.004	0.004-0.004	S
GCGS0294	10	761	30	0.25	0.25-0.25	S	0.008	0.008-0.008	S	0.004	0.004-0.004	S	0.002	0.002-0.002	S
GCGS0295	8	810	NA	4	4.0-4.0	R	0.008	0.008-0.008	S	0.008	0.008-0.008	S	0.004	0.004-0.004	S
GCGS0296	2	876	524	2	2.0-2.0	R	0.008	0.008-0.008	S	0.008	0.008-0.008	S	0.008	0.008-0.008	S
GCGS0297	2	878	524	2	2.0-2.0	R	0.008	0.008-0.008	S	0.008	0.008-0.008	S	0.008	0.008-0.008	S
GCGS0298	2	877	NA	2	2.0-2.0	R	0.008	0.008-0.008	S	0.008	0.008-0.008	S	0.008	0.008-0.008	S
GCGS0299	4	1096	50	4	4.0-4.0	R	0.008	0.008-0.008	S	0.004	0.004-0.004	S	0.015	0.015-0.015	S
GCGS0300	4	1032	301	8	8.0-8.0	R	0.008	0.008-0.008	S	0.004	0.004-0.004	S	0.008	0.008-0.008	S
GCGS0301	8	794	2196	2	2.0-2.0	R	0.008	0.008-0.008	S	0.002	0.002-0.002	S	0.008	0.008-0.008	S
GCGS0302	11	724	105	4	4.0-4.0	R	0.008	0.008-0.008	S	0.004	0.004-0.004	S	0.004	0.004-0.004	S
GCGS0303	12	746	NA	0.25	0.25-0.25	S	0.008	0.008-0.008	S	0.004	0.004-0.004	S	0.002	0.002-0.002	S
GCGS0304	8	768	NA	2	2.0-2.0	R	0.015	0.015-0.015	S	0.004	0.004-0.004	S	0.002	0.002-0.002	S
GCGS0305	8	780	NA	2	2.0-2.0	R	0.015	0.015-0.015	S	0.004	0.004-0.004	S	0.004	0.004-0.004	S
GCGS0306	2	880	100	0.25	0.25-0.25	S	0.015	0.015-0.015	S	0.008	0.008-0.008	S	0.015	0.015-0.015	S
GCGS0307	8	778	90	2	2.0-2.0	R	0.015	0.015-0.015	S	0.004	0.004-0.004	S	0.008	0.008-0.008	S
GCGS0308	4	988	NA	4	4.0-4.0	R	0.015	0.015-0.015	S	0.004	0.004-0.004	S	0.015	0.015-0.015	S
GCGS0309	3	492	4	0.5	0.5-0.5	S	0.015	0.015-0.015	S	0.015	0.015-0.015	S	0.015	0.015-0.015	S
GCGS0310	11	727	NA	0.5	0.5-0.5	S	0.015	0.015-0.015	S	0.004	0.004-0.004	S	0.004	0.004-0.004	S
GCGS0311	11	702	19	4	4.0-4.0	R	0.015	0.015-0.015	S	0.004	0.004-0.004	S	0.008	0.008-0.008	S
GCGS0312	11	697	972	0.5	0.5-0.5	S	0.015	0.015-0.015	S	0.015	0.015-0.015	S	0.008	0.008-0.008	S
GCGS0313	12	744	289	0.06	0.06-0.06	S	0.015	0.015-0.015	S	0.015	0.015-0.015	S	0.008	0.008-0.008	S
GCGS0314	13	557	1808	0.125	0.125-0.125	S	0.015	0.015-0.015	S	2	2.0-2.0	R	0.008	0.008-0.008	S
GCGS0315	11	695	5307	0.125	0.125-0.125	S	0.015	0.015-0.015	S	0.015	0.015-0.015	S	0.008	0.008-0.008	S
GCGS0316	7	890	4658	0.5	0.5-0.5	S	0.015	0.015-0.015	S	0.015	0.015-0.015	S	0.008	0.008-0.008	S
GCGS0317	2	872	244	0.25	0.25-0.25	S	0.015	0.015-0.015	S	0.008	0.008-0.008	S	0.008	0.008-0.008	S
GCGS0318	2	821	NA	0.25	0.25-0.25	S	0.015	0.015-0.015	S	0.004	0.004-0.004	S	0.004	0.004-0.004	S
GCGS0319	5	391	NA	0.125	0.125-0.125	S	0.015	0.015-0.015	S	4	4.0-4.0	R	0.008	0.008-0.008	S
GCGS0320	5	440	289	0.25	0.25-0.25	S	0.015	0.015-0.015	S	4	4.0-4.0	R	0.008	0.008-0.008	S
GCGS0321	9	674	30	0.25	0.25-0.25	S	0.015	0.015-0.015	S	1	1.0-1.0	R	0.008	0.008-0.008	S
GCGS0322	8	798	NA	1	1.0-1.0	S	0.015	0.015-0.015	S	0.004	0.004-0.004	S	0.008	0.008-0.008	S
GCGS0323	4	1094	50	2	2.0-2.0	R	0.015	0.015-0.015	S	0.004	0.004-0.004	S	0.008	0.008-0.008	S
GCGS0324	2	848	2150	0.5	0.5-0.5	S	0.015	0.015-0.015	S	0.004	0.004-0.004	S	0.015	0.015-0.015	S
GCGS0325	2	818	NA	1	1.0-1.0	S	0.015	0.015-0.015	S	0.004	0.004-0.004	S	0.008	0.008-0.008	S
GCGS0326	3	480	NA	1	1.0-1.0	S	0.032	0.032-0.032	S	0.016	0.016-0.016	S	0.016	0.016-0.016	S
GCGS0327	1	589	4	2	2.0-2.0	R	0.015	0.015-0.015	S	16	16.0-16.0	R	0.015	0.015-0.015	S
GCGS0328	2	819	NA	2	2.0-2.0	R	0.015	0.015-0.015	S	0.008	0.008-0.008	S	0.015	0.015-0.015	S
GCGS0329	4	1099	50	8	8.0-8.0	R	0.015	0.015-0.015	S	0.008	0.008-0.008	S	0.015	0.015-0.015	S
GCGS0330	2	813	NA	2	2.0-2.0	R	0.015	0.015-0.015	S	16	16.0-16.0	R	0.015	0.015-0.015	S
GCGS0331	9	657	30	0.25	0.25-0.25	S	0.015	0.015-0.015	S	4	4.0-4.0	R	0.008	0.008-0.008	S
GCGS0332	7	919	1808	8	8.0-8.0	R	0.015	0.015-0.015	S	0.015	0.015-0.015	S	0.008	0.008-0.008	S
GCGS0333	5	400	NA	0.06	0.06-0.06	S	0.015	0.015-0.015	S	2	2.0-2.0	R	0.008	0.008-0.008	S
GCGS0334	9	667	5026	0.25	0.25-0.25	S	0.015	0.015-0.015	S	1	1.0-1.0	R	0.008	0.008-0.008	S
GCGS0335	2	846	2150	0.5	0.5-0.5	S	0.015	0.015-0.015	S	0.015	0.015-0.015	S	0.008	0.008-0.008	S
GCGS0336	2	851	NA	0.25	0.25-0.25	S	0.015	0.015-0.015	S	0.015	0.015-0.015	S	0.008	0.008-0.008	S
GCGS0337	4	1078	5433	0.5	0.5-0.5	S	0.015	0.015-0.015	S	0.015	0.015-0.015	S	0.008	0.008-0.008	S
GCGS0338	7	895	1808	16	16.0-16.0	R	0.015	0.015-0.015	S	0.015	0.015-0.015	S	0.008	0.008-0.008	S
GCGS0339	2	873	6389	2	2.0-2.0	R	0.015	0.015-0.015	S	0.004	0.004-0.004	S	0.004	0.004-0.004	S
GCGS0340	4	1027	NA	1	1.0-1.0	S	0.015	0.015-0.015	S	0.004	0.004-0.004	S	0.008	0.008-0.008	S
GCGS0341	4	1024	NA	1	1.0-1.0	S	0.015	0.015-0.015	S	0.004	0.004-0.004	S	0.015	0.015-0.015	S
GCGS0342	4	1025	NA	2	2.0-2.0	R	0.015	0.015-0.015	S	0.002	0.002-0.002	S	0.015	0.015-0.015	S
GCGS0343	4	1026	NA	1	1.0-1.0	S	0.015	0.015-0.015	S	0.004	0.004-0.004	S	0.015	0.015-0.015	S
GCGS0344	6	142	908	0.5	0.5-0.5	S	0.015	0.015-0.015	S	8	8.0-8.0	R	0.008	0.008-0.008	S
GCGS0345	11	706	868	1	1.0-1.0	S	0.015	0.015-0.015	S	0.015	0.015-0.015	S	0.008	0.008-0.008	S
GCGS0346	9	655	30	0.03	0.03-0.03	S	0.015	0.015-0.015	S	2	2.0-2.0	R	0.008	0.008-0.008	S
GCGS0347	2	832	NA	0.5	0.5-0.5	S	0.015	0.015-0.015	S	0.015	0.015-0.015	S	0.008	0.008-0.008	S
GCGS0348	8	770	18	0.06	0.06-0.06	S	0.015	0.015-0.015	S	0.015	0.015-0.015	S	0.008	0.008-0.008	S
GCGS0349	2	826	28	0.5	0.5-0.5	S	0.015	0.015-0.015	S	0.015	0.015-0.015	S	0.008	0.008-0.008	S
GCGS0350	8	802	356	0.25	0.25-0.25	S	0.015	0.015-0.015	S	0.015	0.015-0.015	S	0.015	0.015-0.015	S
GCGS0351	12	740	343	1	1.0-1.0	S	0.015	0.015-0.015	S	0.015	0.015-0.015	S	0.004	0.004-0.004	S
GCGS0352	5	414	14	2	2.0-2.0	R	0.015	0.015-0.015	S	32	32.0-32.0	R	0.03	0.03-0.03	S
GCGS0353	8	790	5419	0.03	0.03-0.03	S	0.015	0.015-0.015	S	0.015	0.015-0.015	S	0.008	0.008-0.008	S
GCGS0354	7	934	NA	8	8.0-8.0	R	0.015	0.015-0.015	S	0.015	0.015-0.015	S	0.008	0.008-0.008	S
GCGS0355	7	962	4953	2	2.0-2.0	R	0.015	0.015-0.015	S	0.03	0.03-0.03	S	0.015	0.015-0.015	S
GCGS0356	4	1031	50	4	4.0-4.0	R	0.015	0.015-0.015	S	0.004	0.004-0.004	S	0.008	0.008-0.008	S
GCGS0357	8	772	61	1	1.0-1.0	S	0.015	0.015-0.015	S	0.004	0.004-0.004	S	0.004	0.004-0.004	S
GCGS0358	8	642	91	0.25	0.25-0.25	S	0.015	0.015-0.015	S	0.008	0.008-0.008	S	0.008	0.008-0.008	S
GCGS0359	2	860	28	0.5	0.5-0.5	S	0.015	0.015-0.015	S	0.004	0.004-0.004	S	0.015	0.015-0.015	S
GCGS0360	5	443	5489	0.5	0.5-0.5	S	0.015	0.015-0.015	S	8	8.0-8.0	R	0.015	0.015-0.015	S
GCGS0361	7	912	NA	8	8.0-8.0	R	0.015	0.015-0.015	S	0.015	0.015-0.015	S	0.008	0.008-0.008	S
GCGS0362	2	854	NA	0.5	0.5-0.5	S	0.015	0.015-0.015	S	0.015	0.015-0.015	S	0.015	0.015-0.015	S
GCGS0363	8	686	279	4	4.0-4.0	R	0.015	0.015-0.015	S	0.015	0.015-0.015	S	0.008	0.008-0.008	S
GCGS0364	2	857	NA	0.25	0.25-0.25	S	0.015	0.015-0.015	S	0.008	0.008-0.008	S	0.015	0.015-0.015	S
GCGS0365	2	852	NA	0.25	0.25-0.25	S	0.015	0.015-0.015	S	0.008	0.008-0.008	S	0.015	0.015-0.015	S
GCGS0366	3	500	4	0.5	0.5-0.5	S	0.015	0.015-0.015	S	0.015	0.015-0.015	S	0.015	0.015-0.015	S
GCGS0367	3	496	4	4	4.0-4.0	R	0.015	0.015-0.015	S	0.015	0.015-0.015	S	0.008	0.008-0.008	S
GCGS0368	5	404	NA	0.5	0.5-0.5	S	0.015	0.015-0.015	S	8	8.0-8.0	R	0.008	0.008-0.008	S
GCGS0369	8	650	1961	0.06	0.06-0.06	S	0.015	0.015-0.015	S	2	2.0-2.0	R	0.008	0.008-0.008	S
GCGS0370	8	653	2719	0.06	0.06-0.06	S	0.015	0.015-0.015	S	4	4.0-4.0	R	0.008	0.008-0.008	S
GCGS0371	7	927	4587	2	2.0-2.0	R	0.015	0.015-0.015	S	0.015	0.015-0.015	S	0.008	0.008-0.008	S
GCGS0372	7	894	NA	8	8.0-8.0	R	0.015	0.015-0.015	S	0.015	0.015-0.015	S	0.008	0.008-0.008	S
GCGS0373	8	777	2699	0.125	0.125-0.125	S	0.015	0.015-0.015	S	0.015	0.015-0.015	S	0.008	0.008-0.008	S
GCGS0374	4	1015	2001	1	1.0-1.0	S	0.015	0.015-0.015	S	0.004	0.004-0.004	S	0.004	0.004-0.004	S
GCGS0375	12	745	31	0.25	0.25-0.25	S	0.015	0.015-0.015	S	0.015	0.015-0.015	S	0.008	0.008-0.008	S
GCGS0376	8	684	30	0.5	0.5-0.5	S	0.015	0.015-0.015	S	0.5	0.5-0.5	S	0.008	0.008-0.008	S
GCGS0377	8	786	605	0.25	0.25-0.25	S	0.015	0.015-0.015	S	0.015	0.015-0.015	S	0.008	0.008-0.008	S
GCGS0378	7	893	NA	1	1.0-1.0	S	0.015	0.015-0.015	S	0.015	0.015-0.015	S	0.008	0.008-0.008	S
GCGS0379	7	892	NA	0.5	0.5-0.5	S	0.015	0.015-0.015	S	0.015	0.015-0.015	S	0.008	0.008-0.008	S
GCGS0380	4	1091	50	8	8.0-8.0	R	0.015	0.015-0.015	S	0.008	0.008-0.008	S	0.008	0.008-0.008	S
GCGS0381	5	366	28	0.5	0.5-0.5	S	0.015	0.015-0.015	S	4	4.0-4.0	R	0.008	0.008-0.008	S
GCGS0382	6	146	NA	1	1.0-1.0	S	0.015	0.015-0.015	S	16	16.0-16.0	R	0.008	0.008-0.008	S
GCGS0383	9	656	30	0.125	0.125-0.125	S	0.015	0.015-0.015	S	2	2.0-2.0	R	0.008	0.008-0.008	S
GCGS0384	5	444	4016	0.25	0.25-0.25	S	0.015	0.015-0.015	S	4	4.0-4.0	R	0.008	0.008-0.008	S
GCGS0385	5	364	455	0.25	0.25-0.25	S	0.015	0.015-0.015	S	8	8.0-8.0	R	0.015	0.015-0.015	S
GCGS0386	11	705	NA	2	2.0-2.0	R	0.015	0.015-0.015	S	0.004	0.004-0.004	S	0.008	0.008-0.008	S
GCGS0387	11	704	19	2	2.0-2.0	R	0.015	0.015-0.015	S	0.004	0.004-0.004	S	0.008	0.008-0.008	S
GCGS0388	5	407	14	1	1.0-1.0	S	0.015	0.015-0.015	S	16	16.0-16.0	R	0.015	0.015-0.015	S
GCGS0389	3	502	4	0.5	0.5-0.5	S	0.015	0.015-0.015	S	0.008	0.008-0.008	S	0.008	0.008-0.008	S
GCGS0390	11	716	NA	0.5	0.5-0.5	S	0.015	0.015-0.015	S	0.004	0.004-0.004	S	0.008	0.008-0.008	S
GCGS0391	4	1098	50	8	8.0-8.0	R	0.015	0.015-0.015	S	0.008	0.008-0.008	S	0.015	0.015-0.015	S
GCGS0392	4	1087	50	8	8.0-8.0	R	0.015	0.015-0.015	S	0.004	0.004-0.004	S	0.008	0.008-0.008	S
GCGS0393	2	829	NA	0.5	0.5-0.5	S	0.015	0.015-0.015	S	0.004	0.004-0.004	S	0.008	0.008-0.008	S
GCGS0394	2	874	4340	2	2.0-2.0	R	0.015	0.015-0.015	S	0.015	0.015-0.015	S	0.008	0.008-0.008	S
GCGS0395	11	714	NA	0.25	0.25-0.25	S	0.015	0.015-0.015	S	0.015	0.015-0.015	S	0.008	0.008-0.008	S
GCGS0396	9	659	30	0.125	0.125-0.125	S	0.015	0.015-0.015	S	4	4.0-4.0	R	0.008	0.008-0.008	S
GCGS0397	13	559	1489	0.25	0.25-0.25	S	0.015	0.015-0.015	S	16	16.0-16.0	R	0.008	0.008-0.008	S
GCGS0398	9	669	714	0.03	0.03-0.03	S	0.015	0.015-0.015	S	0.5	0.5-0.5	S	0.008	0.008-0.008	S
GCGS0399	13	558	1489	0.25	0.25-0.25	S	0.015	0.015-0.015	S	8	8.0-8.0	R	0.008	0.008-0.008	S
GCGS0400	8	688	647	0.25	0.25-0.25	S	0.015	0.015-0.015	S	0.004	0.004-0.004	S	0.015	0.015-0.015	S
GCGS0401	7	922	1808	2	2.0-2.0	R	0.015	0.015-0.015	S	0.015	0.015-0.015	S	0.008	0.008-0.008	S
GCGS0402	7	954	908	4	4.0-4.0	R	0.015	0.015-0.015	S	0.015	0.015-0.015	S	0.015	0.015-0.015	S
GCGS0403	7	955	908	2	2.0-2.0	R	0.015	0.015-0.015	S	0.015	0.015-0.015	S	0.03	0.03-0.03	S
GCGS0404	7	958	908	2	2.0-2.0	R	0.015	0.015-0.015	S	0.015	0.015-0.015	S	0.015	0.015-0.015	S
GCGS0405	7	957	908	2	2.0-2.0	R	0.015	0.015-0.015	S	0.015	0.015-0.015	S	0.015	0.015-0.015	S
GCGS0406	7	959	908	2	2.0-2.0	R	0.015	0.015-0.015	S	0.015	0.015-0.015	S	0.015	0.015-0.015	S
GCGS0407	2	849	NA	0.25	0.25-0.25	S	0.015	0.015-0.015	S	0.008	0.008-0.008	S	0.015	0.015-0.015	S
GCGS0408	3	470	NA	1	1.0-1.0	S	0.015	0.015-0.015	S	0.008	0.008-0.008	S	0.015	0.015-0.015	S
GCGS0409	4	1016	50	1	1.0-1.0	S	0.015	0.015-0.015	S	0.004	0.004-0.004	S	0.015	0.015-0.015	S
GCGS0410	5	342	NA	0.5	0.5-0.5	S	0.015	0.015-0.015	S	2	2.0-2.0	R	0.008	0.008-0.008	S
GCGS0411	5	369	1884	1	1.0-1.0	S	0.015	0.015-0.015	S	4	4.0-4.0	R	0.015	0.015-0.015	S
GCGS0412	3	503	719	1	1.0-1.0	S	0.015	0.015-0.015	S	0.015	0.015-0.015	S	0.015	0.015-0.015	S
GCGS0413	5	371	1884	1	1.0-1.0	S	0.015	0.015-0.015	S	4	4.0-4.0	R	0.008	0.008-0.008	S
GCGS0414	5	372	454	1	1.0-1.0	S	0.015	0.015-0.015	S	4	4.0-4.0	R	0.015	0.015-0.015	S
GCGS0415	5	370	1884	1	1.0-1.0	S	0.015	0.015-0.015	S	4	4.0-4.0	R	0.015	0.015-0.015	S
GCGS0416	4	1034	301	8	8.0-8.0	R	0.015	0.015-0.015	S	0.008	0.008-0.008	S	0.008	0.008-0.008	S
GCGS0417	4	1101	50	4	4.0-4.0	R	0.015	0.015-0.015	S	0.004	0.004-0.004	S	0.015	0.015-0.015	S
GCGS0418	2	831	39	0.5	0.5-0.5	S	0.015	0.015-0.015	S	0.004	0.004-0.004	S	0.008	0.008-0.008	S
GCGS0419	5	336	1889	0.5	0.5-0.5	S	0.015	0.015-0.015	S	16	16.0-16.0	R	0.015	0.015-0.015	S
GCGS0420	3	528	18	1	1.0-1.0	S	0.015	0.015-0.015	S	0.008	0.008-0.008	S	0.008	0.008-0.008	S
GCGS0421	1	595	4	1	1.0-1.0	S	0.015	0.015-0.015	S	16	16.0-16.0	R	0.015	0.015-0.015	S
GCGS0422	7	976	908	1	1.0-1.0	S	0.015	0.015-0.015	S	0.015	0.015-0.015	S	0.008	0.008-0.008	S
GCGS0423	8	793	NA	0.06	0.06-0.06	S	0.015	0.015-0.015	S	0.015	0.015-0.015	S	0.008	0.008-0.008	S
GCGS0424	8	685	2600	0.5	0.5-0.5	S	0.015	0.015-0.015	S	0.015	0.015-0.015	S	0.008	0.008-0.008	S
GCGS0425	8	804	356	0.5	0.5-0.5	S	0.015	0.015-0.015	S	0.015	0.015-0.015	S	0.008	0.008-0.008	S
GCGS0426	7	975	908	1	1.0-1.0	S	0.015	0.015-0.015	S	0.015	0.015-0.015	S	0.015	0.015-0.015	S
GCGS0427	11	722	NA	0.5	0.5-0.5	S	0.015	0.015-0.015	S	0.015	0.015-0.015	S	0.008	0.008-0.008	S
GCGS0428	8	687	2890	0.25	0.25-0.25	S	0.015	0.015-0.015	S	0.015	0.015-0.015	S	0.008	0.008-0.008	S
GCGS0429	8	683	1615	0.5	0.5-0.5	S	0.015	0.015-0.015	S	0.5	0.5-0.5	S	0.008	0.008-0.008	S
GCGS0430	8	641	91	0.25	0.25-0.25	S	0.015	0.015-0.015	S	0.015	0.015-0.015	S	0.008	0.008-0.008	S
GCGS0431	8	781	3408	0.06	0.06-0.06	S	0.015	0.015-0.015	S	0.03	0.03-0.03	S	0.008	0.008-0.008	S
GCGS0432	12	749	NA	0.125	0.125-0.125	S	0.015	0.015-0.015	S	0.03	0.03-0.03	S	0.008	0.008-0.008	S
GCGS0433	7	925	1808	1	1.0-1.0	S	0.015	0.015-0.015	S	0.015	0.015-0.015	S	0.008	0.008-0.008	S
GCGS0434	4	1042	50	1	1.0-1.0	S	0.015	0.015-0.015	S	0.004	0.004-0.004	S	0.008	0.008-0.008	S
GCGS0435	4	1081	50	4	4.0-4.0	R	0.015	0.015-0.015	S	0.004	0.004-0.004	S	0.008	0.008-0.008	S
GCGS0436	7	906	1808	2	2.0-2.0	R	0.015	0.015-0.015	S	0.015	0.015-0.015	S	0.008	0.008-0.008	S
GCGS0437	5	448	4740	0.25	0.25-0.25	S	0.015	0.015-0.015	S	4	4.0-4.0	R	0.008	0.008-0.008	S
GCGS0438	12	742	4581	16	16.0-16.0	R	0.015	0.015-0.015	S	0.015	0.015-0.015	S	0.008	0.008-0.008	S
GCGS0439	8	779	90	0.5	0.5-0.5	S	0.015	0.015-0.015	S	0.004	0.004-0.004	S	0.008	0.008-0.008	S
GCGS0440	8	538	NA	0.25	0.25-0.25	S	0.015	0.015-0.015	S	0.002	0.002-0.002	S	0.004	0.004-0.004	S
GCGS0441	11	713	19	1	1.0-1.0	S	0.015	0.015-0.015	S	0.004	0.004-0.004	S	0.004	0.004-0.004	S
GCGS0442	8	638	91	0.25	0.25-0.25	S	0.015	0.015-0.015	S	0.008	0.008-0.008	S	0.015	0.015-0.015	S
GCGS0443	11	708	NA	0.5	0.5-0.5	S	0.015	0.015-0.015	S	0.004	0.004-0.004	S	0.004	0.004-0.004	S
GCGS0444	5	379	NA	1	1.0-1.0	S	0.015	0.015-0.015	S	16	16.0-16.0	R	0.03	0.03-0.03	S
GCGS0445	10	766	NA	1	1.0-1.0	S	0.015	0.015-0.015	S	0.004	0.004-0.004	S	0.008	0.008-0.008	S
GCGS0446	5	389	14	1	1.0-1.0	S	0.015	0.015-0.015	S	16	16.0-16.0	R	0.03	0.03-0.03	S
GCGS0447	4	1083	50	4	4.0-4.0	R	0.015	0.015-0.015	S	0.002	0.002-0.002	S	0.008	0.008-0.008	S
GCGS0448	5	382	14	0.5	0.5-0.5	S	0.015	0.015-0.015	S	16	16.0-16.0	R	0.03	0.03-0.03	S
GCGS0449	8	783	3190	0.125	0.125-0.125	S	0.015	0.015-0.015	S	0.015	0.015-0.015	S	0.008	0.008-0.008	S
GCGS0450	12	741	395	0.25	0.25-0.25	S	0.015	0.015-0.015	S	0.015	0.015-0.015	S	0.008	0.008-0.008	S
GCGS0451	5	384	14	0.5	0.5-0.5	S	0.015	0.015-0.015	S	16	16.0-16.0	R	0.015	0.015-0.015	S
GCGS0452	5	381	NA	0.125	0.125-0.125	S	0.015	0.015-0.015	S	8	8.0-8.0	R	0.008	0.008-0.008	S
GCGS0453	8	774	4948	0.25	0.25-0.25	S	0.015	0.015-0.015	S	0.015	0.015-0.015	S	0.008	0.008-0.008	S
GCGS0454	8	788	NA	0.125	0.125-0.125	S	0.015	0.015-0.015	S	0.015	0.015-0.015	S	0.008	0.008-0.008	S
GCGS0455	7	887	1808	0.5	0.5-0.5	S	0.015	0.015-0.015	S	0.015	0.015-0.015	S	0.008	0.008-0.008	S
GCGS0456	11	693	4916	0.5	0.5-0.5	S	0.015	0.015-0.015	S	0.015	0.015-0.015	S	0.008	0.008-0.008	S
GCGS0457	2	835	NA	0.125	0.125-0.125	S	0.015	0.015-0.015	S	0.015	0.015-0.015	S	0.008	0.008-0.008	S
GCGS0458	7	969	NA	1	1.0-1.0	S	0.015	0.015-0.015	S	0.015	0.015-0.015	S	0.008	0.008-0.008	S
GCGS0459	2	864	4861	0.25	0.25-0.25	S	0.015	0.015-0.015	S	0.015	0.015-0.015	S	0.008	0.008-0.008	S
GCGS0460	11	691	19	16	16.0-16.0	R	0.015	0.015-0.015	S	0.015	0.015-0.015	S	0.008	0.008-0.008	S
GCGS0461	11	692	NA	0.5	0.5-0.5	S	0.015	0.015-0.015	S	0.015	0.015-0.015	S	0.008	0.008-0.008	S
GCGS0462	8	799	2001	0.25	0.25-0.25	S	0.015	0.015-0.015	S	0.004	0.004-0.004	S	0.008	0.008-0.008	S
GCGS0463	5	294	55	0.5	0.5-0.5	S	0.015	0.015-0.015	S	4	4.0-4.0	R	0.015	0.015-0.015	S
GCGS0464	5	313	NA	0.5	0.5-0.5	S	0.015	0.015-0.015	S	8	8.0-8.0	R	0.008	0.008-0.008	S
GCGS0465	10	764	6844	0.06	0.06-0.06	S	0.015	0.015-0.015	S	0.015	0.015-0.015	S	0.008	0.008-0.008	S
GCGS0466	5	442	289	0.25	0.25-0.25	S	0.015	0.015-0.015	S	4	4.0-4.0	R	0.008	0.008-0.008	S
GCGS0467	7	944	NA	16	16.0-16.0	R	0.015	0.015-0.015	S	0.015	0.015-0.015	S	0.008	0.008-0.008	S
GCGS0468	7	898	1808	2	2.0-2.0	R	0.015	0.015-0.015	S	0.015	0.015-0.015	S	0.008	0.008-0.008	S
GCGS0469	9	663	30	0.25	0.25-0.25	S	0.015	0.015-0.015	S	4	4.0-4.0	R	0.008	0.008-0.008	S
GCGS0470	4	1019	339	4	4.0-4.0	R	0.015	0.015-0.015	S	0.015	0.015-0.015	S	0.008	0.008-0.008	S
GCGS0471	12	755	NA	0.125	0.125-0.125	S	0.015	0.015-0.015	S	0.015	0.015-0.015	S	0.008	0.008-0.008	S
GCGS0472	2	830	18	1	1.0-1.0	S	0.015	0.015-0.015	S	0.015	0.015-0.015	S	0.008	0.008-0.008	S
GCGS0473	11	690	19	2	2.0-2.0	R	0.015	0.015-0.015	S	0.015	0.015-0.015	S	0.008	0.008-0.008	S
GCGS0474	8	791	59	0.5	0.5-0.5	S	0.015	0.015-0.015	S	0.015	0.015-0.015	S	0.008	0.008-0.008	S
GCGS0475	5	319	14	1	1.0-1.0	S	0.015	0.015-0.015	S	16	16.0-16.0	R	0.015	0.015-0.015	S
GCGS0476	7	910	4016	2	2.0-2.0	R	0.015	0.015-0.015	S	0.004	0.004-0.004	S	0.004	0.004-0.004	S
GCGS0477	7	971	4876	2	2.0-2.0	R	0.015	0.015-0.015	S	0.004	0.004-0.004	S	0.008	0.008-0.008	S
GCGS0478	7	909	3	2	2.0-2.0	R	0.015	0.015-0.015	S	0.004	0.004-0.004	S	0.008	0.008-0.008	S
GCGS0479	8	801	356	0.5	0.5-0.5	S	0.015	0.015-0.015	S	0.015	0.015-0.015	S	0.008	0.008-0.008	S
GCGS0480	5	329	NA	0.25	0.25-0.25	S	0.015	0.015-0.015	S	8	8.0-8.0	R	0.015	0.015-0.015	S
GCGS0481	1	612	4	2	2.0-2.0	R	0.015	0.015-0.015	S	32	32.0-32.0	R	0.015	0.015-0.015	S
GCGS0482	7	918	1808	8	8.0-8.0	R	0.015	0.015-0.015	S	0.015	0.015-0.015	S	0.008	0.008-0.008	S
GCGS0483	5	419	NA	0.06	0.06-0.06	S	0.015	0.015-0.015	S	4	4.0-4.0	R	0.008	0.008-0.008	S
GCGS0484	7	917	1808	8	8.0-8.0	R	0.015	0.015-0.015	S	0.015	0.015-0.015	S	0.008	0.008-0.008	S
GCGS0485	7	916	1808	16	16.0-16.0	R	0.015	0.015-0.015	S	0.015	0.015-0.015	S	0.008	0.008-0.008	S
GCGS0486	3	542	NA	0.5	0.5-0.5	S	0.015	0.015-0.015	S	0.015	0.015-0.015	S	0.015	0.015-0.015	S
GCGS0487	5	386	NA	0.25	0.25-0.25	S	0.015	0.015-0.015	S	2	2.0-2.0	R	0.008	0.008-0.008	S
GCGS0488	12	754	NA	0.5	0.5-0.5	S	0.015	0.015-0.015	S	0.015	0.015-0.015	S	0.008	0.008-0.008	S
GCGS0489	12	743	NA	0.125	0.125-0.125	S	0.015	0.015-0.015	S	0.015	0.015-0.015	S	0.008	0.008-0.008	S
GCGS0490	5	358	872	4	4.0-4.0	R	0.015	0.015-0.015	S	4	4.0-4.0	R	0.008	0.008-0.008	S
GCGS0491	5	305	877	0.25	0.25-0.25	S	0.015	0.015-0.015	S	8	8.0-8.0	R	0.015	0.015-0.015	S
GCGS0492	11	721	260	4	4.0-4.0	R	0.015	0.015-0.015	S	0.008	0.008-0.008	S	0.008	0.008-0.008	S
GCGS0493	5	412	1577	0.5	0.5-0.5	S	0.015	0.015-0.015	S	8	8.0-8.0	R	0.008	0.008-0.008	S
GCGS0494	9	664	30	0.125	0.125-0.125	S	0.015	0.015-0.015	S	4	4.0-4.0	R	0.008	0.008-0.008	S
GCGS0495	9	672	30	0.25	0.25-0.25	S	0.015	0.015-0.015	S	16	16.0-16.0	R	0.008	0.008-0.008	S
GCGS0496	8	681	30	0.5	0.5-0.5	S	0.015	0.015-0.015	S	0.015	0.015-0.015	S	0.008	0.008-0.008	S
GCGS0497	7	961	4953	8	8.0-8.0	R	0.015	0.015-0.015	S	0.015	0.015-0.015	S	0.015	0.015-0.015	S
GCGS0498	8	645	274	0.25	0.25-0.25	S	0.015	0.015-0.015	S	8	8.0-8.0	R	0.008	0.008-0.008	S
GCGS0499	5	347	292	0.25	0.25-0.25	S	0.015	0.015-0.015	S	8	8.0-8.0	R	0.015	0.015-0.015	S
GCGS0500	11	712	NA	1	1.0-1.0	S	0.015	0.015-0.015	S	0.008	0.008-0.008	S	0.008	0.008-0.008	S
GCGS0501	8	800	2195	0.25	0.25-0.25	S	0.015	0.015-0.015	S	0.008	0.008-0.008	S	0.008	0.008-0.008	S
GCGS0502	3	495	NA	1	1.0-1.0	S	0.015	0.015-0.015	S	0.03	0.03-0.03	S	0.015	0.015-0.015	S
GCGS0503	4	1009	50	2	2.0-2.0	R	0.015	0.015-0.015	S	0.008	0.008-0.008	S	0.008	0.008-0.008	S
GCGS0504	8	646	331	0.25	0.25-0.25	S	0.015	0.015-0.015	S	16	16.0-16.0	R	0.008	0.008-0.008	S
GCGS0505	4	1006	702	2	2.0-2.0	R	0.015	0.015-0.015	S	0.008	0.008-0.008	S	0.008	0.008-0.008	S
GCGS0506	5	346	30	0.25	0.25-0.25	S	0.015	0.015-0.015	S	8	8.0-8.0	R	0.015	0.015-0.015	S
GCGS0507	5	331	1498	0.25	0.25-0.25	S	0.015	0.015-0.015	S	8	8.0-8.0	R	0.015	0.015-0.015	S
GCGS0508	5	303	1382	0.25	0.25-0.25	S	0.015	0.015-0.015	S	4	4.0-4.0	R	0.015	0.015-0.015	S
GCGS0509	2	870	1268	0.25	0.25-0.25	S	0.015	0.015-0.015	S	8	8.0-8.0	R	0.015	0.015-0.015	S
GCGS0510	5	395	14	0.5	0.5-0.5	S	0.015	0.015-0.015	S	16	16.0-16.0	R	0.03	0.03-0.03	S
GCGS0511	5	286	3753	0.5	0.5-0.5	S	0.015	0.015-0.015	S	8	8.0-8.0	R	0.015	0.015-0.015	S
GCGS0512	1	607	4	0.03	0.03-0.03	S	0.015	0.015-0.015	S	8	8.0-8.0	R	0.008	0.008-0.008	S
GCGS0513	5	450	5504	0.25	0.25-0.25	S	0.015	0.015-0.015	S	4	4.0-4.0	R	0.008	0.008-0.008	S
GCGS0514	9	679	997	0.03	0.03-0.03	S	0.015	0.015-0.015	S	2	2.0-2.0	R	0.015	0.015-0.015	S
GCGS0515	8	648	1908	0.06	0.06-0.06	S	0.015	0.015-0.015	S	8	8.0-8.0	R	0.015	0.015-0.015	S
GCGS0516	7	980	5507	4	4.0-4.0	R	0.015	0.015-0.015	S	0.015	0.015-0.015	S	0.008	0.008-0.008	S
GCGS0517	8	652	4556	0.06	0.06-0.06	S	0.015	0.015-0.015	S	4	4.0-4.0	R	0.008	0.008-0.008	S
GCGS0518	7	973	4153	8	8.0-8.0	R	0.015	0.015-0.015	S	0.015	0.015-0.015	S	0.008	0.008-0.008	S
GCGS0519	8	796	356	4	4.0-4.0	R	0.015	0.015-0.015	S	0.002	0.002-0.002	S	0.008	0.008-0.008	S
GCGS0520	8	795	356	4	4.0-4.0	R	0.015	0.015-0.015	S	0.002	0.002-0.002	S	0.002	0.002-0.002	S
GCGS0521	11	723	105	1	1.0-1.0	S	0.015	0.015-0.015	S	0.004	0.004-0.004	S	0.004	0.004-0.004	S
GCGS0522	7	963	4953	1	1.0-1.0	S	0.015	0.015-0.015	S	0.015	0.015-0.015	S	0.015	0.015-0.015	S
GCGS0523	4	982	59	2	2.0-2.0	R	0.015	0.015-0.015	S	0.015	0.015-0.015	S	0.008	0.008-0.008	S
GCGS0524	4	1028	702	0.25	0.25-0.25	S	0.03	0.03-0.03	S	0.004	0.004-0.004	S	0.008	0.008-0.008	S
GCGS0525	11	718	NA	2	2.0-2.0	R	0.03	0.03-0.03	S	0.004	0.004-0.004	S	0.004	0.004-0.004	S
GCGS0526	8	771	23	1	1.0-1.0	S	0.03	0.03-0.03	S	0.004	0.004-0.004	S	0.008	0.008-0.008	S
GCGS0527	4	990	3190	4	4.0-4.0	R	0.03	0.03-0.03	S	0.004	0.004-0.004	S	0.015	0.015-0.015	S
GCGS0528	4	1000	3190	2	2.0-2.0	R	0.03	0.03-0.03	S	0.004	0.004-0.004	S	0.015	0.015-0.015	S
GCGS0529	11	715	970	4	4.0-4.0	R	0.03	0.03-0.03	S	0.004	0.004-0.004	S	0.015	0.015-0.015	S
GCGS0530	3	457	14	1	1.0-1.0	S	0.03	0.03-0.03	S	0.008	0.008-0.008	S	0.015	0.015-0.015	S
GCGS0531	4	993	3190	4	4.0-4.0	R	0.03	0.03-0.03	S	0.004	0.004-0.004	S	0.015	0.015-0.015	S
GCGS0532	4	991	3190	4	4.0-4.0	R	0.03	0.03-0.03	S	0.004	0.004-0.004	S	0.015	0.015-0.015	S
GCGS0533	4	987	3190	4	4.0-4.0	R	0.03	0.03-0.03	S	0.004	0.004-0.004	S	0.015	0.015-0.015	S
GCGS0534	4	992	3190	4	4.0-4.0	R	0.03	0.03-0.03	S	0.004	0.004-0.004	S	0.015	0.015-0.015	S
GCGS0535	4	994	3190	4	4.0-4.0	R	0.03	0.03-0.03	S	0.004	0.004-0.004	S	0.008	0.008-0.008	S
GCGS0536	2	859	2194	0.25	0.25-0.25	S	0.03	0.03-0.03	S	0.008	0.008-0.008	S	0.015	0.015-0.015	S
GCGS0537	3	485	4	0.25	0.25-0.25	S	0.03	0.03-0.03	S	0.015	0.015-0.015	S	0.015	0.015-0.015	S
GCGS0538	12	748	4565	0.5	0.5-0.5	S	0.03	0.03-0.03	S	0.004	0.004-0.004	S	0.008	0.008-0.008	S
GCGS0539	3	525	430	1	1.0-1.0	S	0.03	0.03-0.03	S	0.015	0.015-0.015	S	0.03	0.03-0.03	S
GCGS0540	4	985	50	0.5	0.5-0.5	S	0.03	0.03-0.03	S	0.008	0.008-0.008	S	0.008	0.008-0.008	S
GCGS0541	2	856	NA	0.5	0.5-0.5	S	0.03	0.03-0.03	S	0.004	0.004-0.004	S	0.008	0.008-0.008	S
GCGS0542	3	481	14	1	1.0-1.0	S	0.03	0.03-0.03	S	0.008	0.008-0.008	S	0.015	0.015-0.015	S
GCGS0543	11	696	4943	0.25	0.25-0.25	S	0.03	0.03-0.03	S	0.015	0.015-0.015	S	0.008	0.008-0.008	S
GCGS0544	7	967	4978	0.5	0.5-0.5	S	0.03	0.03-0.03	S	0.015	0.015-0.015	S	0.015	0.015-0.015	S
GCGS0545	7	891	1808	0.5	0.5-0.5	S	0.03	0.03-0.03	S	0.015	0.015-0.015	S	0.008	0.008-0.008	S
GCGS0546	2	834	18	0.25	0.25-0.25	S	0.03	0.03-0.03	S	0.004	0.004-0.004	S	0.008	0.008-0.008	S
GCGS0547	3	456	14	0.5	0.5-0.5	S	0.03	0.03-0.03	S	0.008	0.008-0.008	S	0.015	0.015-0.015	S
GCGS0548	5	439	289	0.25	0.25-0.25	S	0.03	0.03-0.03	S	4	4.0-4.0	R	0.015	0.015-0.015	S
GCGS0549	5	441	289	0.25	0.25-0.25	S	0.03	0.03-0.03	S	2	2.0-2.0	R	0.015	0.015-0.015	S
GCGS0550	7	897	1808	8	8.0-8.0	R	0.03	0.03-0.03	S	0.015	0.015-0.015	S	0.008	0.008-0.008	S
GCGS0551	5	396	300	0.25	0.25-0.25	S	0.03	0.03-0.03	S	4	4.0-4.0	R	0.015	0.015-0.015	S
GCGS0552	7	981	87	0.5	0.5-0.5	S	0.03	0.03-0.03	S	0.015	0.015-0.015	S	0.008	0.008-0.008	S
GCGS0553	5	397	NA	0.125	0.125-0.125	S	0.03	0.03-0.03	S	4	4.0-4.0	R	0.015	0.015-0.015	S
GCGS0554	8	803	356	0.25	0.25-0.25	S	0.03	0.03-0.03	S	0.015	0.015-0.015	S	0.015	0.015-0.015	S
GCGS0555	3	482	NA	2	2.0-2.0	R	0.03	0.03-0.03	S	0.015	0.015-0.015	S	0.015	0.015-0.015	S
GCGS0556	10	758	30	2	2.0-2.0	R	0.03	0.03-0.03	S	0.008	0.008-0.008	S	0.015	0.015-0.015	S
GCGS0557	5	405	14	1	1.0-1.0	S	0.03	0.03-0.03	S	16	16.0-16.0	R	0.03	0.03-0.03	S
GCGS0558	5	416	1259	1	1.0-1.0	S	0.03	0.03-0.03	S	16	16.0-16.0	R	0.03	0.03-0.03	S
GCGS0559	1	582	4	1	1.0-1.0	S	0.03	0.03-0.03	S	16	16.0-16.0	R	0.03	0.03-0.03	S
GCGS0560	7	896	1808	16	16.0-16.0	R	0.03	0.03-0.03	S	0.015	0.015-0.015	S	0.008	0.008-0.008	S
GCGS0561	8	546	6219	2	2.0-2.0	R	0.03	0.03-0.03	S	0.004	0.004-0.004	S	0.008	0.008-0.008	S
GCGS0562	2	812	3031	2	2.0-2.0	R	0.03	0.03-0.03	S	4	4.0-4.0	R	0.004	0.004-0.004	S
GCGS0563	1	631	5058	2	2.0-2.0	R	0.03	0.03-0.03	S	16	16.0-16.0	R	0.015	0.015-0.015	S
GCGS0564	7	888	3059	2	2.0-2.0	R	0.03	0.03-0.03	S	0.004	0.004-0.004	S	0.008	0.008-0.008	S
GCGS0565	3	507	14	0.5	0.5-0.5	S	0.03	0.03-0.03	S	0.008	0.008-0.008	S	0.03	0.03-0.03	S
GCGS0566	3	504	14	0.25	0.25-0.25	S	0.03	0.03-0.03	S	0.008	0.008-0.008	S	0.03	0.03-0.03	S
GCGS0567	4	1023	NA	2	2.0-2.0	R	0.03	0.03-0.03	S	0.004	0.004-0.004	S	0.008	0.008-0.008	S
GCGS0568	5	293	14	1	1.0-1.0	S	0.03	0.03-0.03	S	16	16.0-16.0	R	0.06	0.06-0.06	S
GCGS0569	3	460	14	1	1.0-1.0	S	0.03	0.03-0.03	S	0.015	0.015-0.015	S	0.03	0.03-0.03	S
GCGS0570	3	458	14	1	1.0-1.0	S	0.03	0.03-0.03	S	0.015	0.015-0.015	S	0.03	0.03-0.03	S
GCGS0571	2	827	28	0.5	0.5-0.5	S	0.03	0.03-0.03	S	0.015	0.015-0.015	S	0.015	0.015-0.015	S
GCGS0572	2	825	NA	1	1.0-1.0	S	0.03	0.03-0.03	S	0.015	0.015-0.015	S	0.008	0.008-0.008	S
GCGS0573	3	494	2154	1	1.0-1.0	S	0.03	0.03-0.03	S	0.03	0.03-0.03	S	0.015	0.015-0.015	S
GCGS0574	7	965	4953	2	2.0-2.0	R	0.03	0.03-0.03	S	0.03	0.03-0.03	S	0.015	0.015-0.015	S
GCGS0575	7	966	4953	2	2.0-2.0	R	0.03	0.03-0.03	S	0.03	0.03-0.03	S	0.015	0.015-0.015	S
GCGS0576	3	472	4	1	1.0-1.0	S	0.03	0.03-0.03	S	0.008	0.008-0.008	S	0.015	0.015-0.015	S
GCGS0577	4	1021	50	2	2.0-2.0	R	0.03	0.03-0.03	S	0.008	0.008-0.008	S	0.008	0.008-0.008	S
GCGS0578	4	1030	50	2	2.0-2.0	R	0.03	0.03-0.03	S	0.008	0.008-0.008	S	0.008	0.008-0.008	S
GCGS0579	8	769	18	2	2.0-2.0	R	0.03	0.03-0.03	S	0.008	0.008-0.008	S	0.008	0.008-0.008	S
GCGS0580	3	473	4	1	1.0-1.0	S	0.03	0.03-0.03	S	0.008	0.008-0.008	S	0.015	0.015-0.015	S
GCGS0581	4	1029	50	2	2.0-2.0	R	0.03	0.03-0.03	S	0.008	0.008-0.008	S	0.008	0.008-0.008	S
GCGS0582	7	933	NA	0.5	0.5-0.5	S	0.03	0.03-0.03	S	0.015	0.015-0.015	S	0.008	0.008-0.008	S
GCGS0583	7	885	1808	0.5	0.5-0.5	S	0.03	0.03-0.03	S	0.015	0.015-0.015	S	0.008	0.008-0.008	S
GCGS0584	7	884	1808	1	1.0-1.0	S	0.03	0.03-0.03	S	0.015	0.015-0.015	S	0.008	0.008-0.008	S
GCGS0585	2	816	NA	0.5	0.5-0.5	S	0.03	0.03-0.03	S	16	16.0-16.0	R	0.015	0.015-0.015	S
GCGS0586	2	869	30	8	8.0-8.0	R	0.03	0.03-0.03	S	0.125	0.125-0.125	S	0.008	0.008-0.008	S
GCGS0587	7	960	908	2	2.0-2.0	R	0.03	0.03-0.03	S	0.015	0.015-0.015	S	0.015	0.015-0.015	S
GCGS0588	5	341	NA	0.5	0.5-0.5	S	0.03	0.03-0.03	S	2	2.0-2.0	R	0.03	0.03-0.03	S
GCGS0589	5	408	14	8	8.0-8.0	R	0.03	0.03-0.03	S	8	8.0-8.0	R	0.015	0.015-0.015	S
GCGS0590	5	413	1259	0.5	0.5-0.5	S	0.03	0.03-0.03	S	16	16.0-16.0	R	0.03	0.03-0.03	S
GCGS0591	5	418	1259	0.5	0.5-0.5	S	0.03	0.03-0.03	S	32	32.0-32.0	R	0.03	0.03-0.03	S
GCGS0592	5	422	1259	0.25	0.25-0.25	S	0.03	0.03-0.03	S	16	16.0-16.0	R	0.03	0.03-0.03	S
GCGS0593	7	902	262	0.25	0.25-0.25	S	0.03	0.03-0.03	S	0.015	0.015-0.015	S	0.008	0.008-0.008	S
GCGS0594	13	560	1489	0.125	0.125-0.125	S	0.03	0.03-0.03	S	8	8.0-8.0	R	0.015	0.015-0.015	S
GCGS0595	4	1011	50	2	2.0-2.0	R	0.03	0.03-0.03	S	0.004	0.004-0.004	S	0.015	0.015-0.015	S
GCGS0596	5	438	NA	0.5	0.5-0.5	S	0.03	0.03-0.03	S	4	4.0-4.0	R	0.015	0.015-0.015	S
GCGS0597	5	304	877	1	1.0-1.0	S	0.03	0.03-0.03	S	16	16.0-16.0	R	0.03	0.03-0.03	S
GCGS0598	3	520	14	1	1.0-1.0	S	0.03	0.03-0.03	S	0.03	0.03-0.03	S	0.03	0.03-0.03	S
GCGS0599	8	792	NA	0.25	0.25-0.25	S	0.03	0.03-0.03	S	0.004	0.004-0.004	S	0.015	0.015-0.015	S
GCGS0600	10	760	30	1	1.0-1.0	S	0.03	0.03-0.03	S	0.008	0.008-0.008	S	0.015	0.015-0.015	S
GCGS0601	4	1041	779	1	1.0-1.0	S	0.03	0.03-0.03	S	0.004	0.004-0.004	S	0.015	0.015-0.015	S
GCGS0602	1	605	260	0.5	0.5-0.5	S	0.03	0.03-0.03	S	16	16.0-16.0	R	0.03	0.03-0.03	S
GCGS0603	9	665	30	0.125	0.125-0.125	S	0.03	0.03-0.03	S	4	4.0-4.0	R	0.008	0.008-0.008	S
GCGS0604	4	1017	442	16	16.0-16.0	R	0.063	0.063-0.063	S	0.016	0.016-0.016	S	0.032	0.032-0.032	S
GCGS0605	3	499	4	0.25	0.25-0.25	S	0.03	0.03-0.03	S	0.015	0.015-0.015	S	0.03	0.03-0.03	S
GCGS0606	5	308	262	0.25	0.25-0.25	S	0.03	0.03-0.03	S	4	4.0-4.0	R	0.03	0.03-0.03	S
GCGS0607	3	498	4	1	1.0-1.0	S	0.03	0.03-0.03	S	0.015	0.015-0.015	S	0.03	0.03-0.03	S
GCGS0608	5	367	28	0.5	0.5-0.5	S	0.03	0.03-0.03	S	8	8.0-8.0	R	0.015	0.015-0.015	S
GCGS0609	5	295	NA	2	2.0-2.0	R	0.03	0.03-0.03	S	16	16.0-16.0	R	0.03	0.03-0.03	S
GCGS0610	4	1037	301	2	2.0-2.0	R	0.03	0.03-0.03	S	0.015	0.015-0.015	S	0.008	0.008-0.008	S
GCGS0611	7	956	908	2	2.0-2.0	R	0.03	0.03-0.03	S	0.015	0.015-0.015	S	0.015	0.015-0.015	S
GCGS0612	3	483	NA	1	1.0-1.0	S	0.03	0.03-0.03	S	0.015	0.015-0.015	S	0.015	0.015-0.015	S
GCGS0613	3	529	3408	0.5	0.5-0.5	S	0.03	0.03-0.03	S	0.004	0.004-0.004	S	0.03	0.03-0.03	S
GCGS0614	3	545	4746	0.5	0.5-0.5	S	0.03	0.03-0.03	S	0.015	0.015-0.015	S	0.03	0.03-0.03	S
GCGS0615	3	516	430	2	2.0-2.0	R	0.03	0.03-0.03	S	0.015	0.015-0.015	S	0.015	0.015-0.015	S
GCGS0616	3	544	4746	1	1.0-1.0	S	0.03	0.03-0.03	S	0.015	0.015-0.015	S	0.015	0.015-0.015	S
GCGS0617	5	398	14	0.5	0.5-0.5	S	0.03	0.03-0.03	S	4	4.0-4.0	R	0.06	0.06-0.06	S
GCGS0618	2	828	631	0.5	0.5-0.5	S	0.03	0.03-0.03	S	0.008	0.008-0.008	S	0.015	0.015-0.015	S
GCGS0619	3	518	430	2	2.0-2.0	R	0.03	0.03-0.03	S	0.015	0.015-0.015	S	0.03	0.03-0.03	S
GCGS0620	8	682	279	1	1.0-1.0	S	0.03	0.03-0.03	S	0.5	0.5-0.5	S	0.008	0.008-0.008	S
GCGS0621	4	1008	50	2	2.0-2.0	R	0.03	0.03-0.03	S	0.004	0.004-0.004	S	0.015	0.015-0.015	S
GCGS0622	4	1007	50	1	1.0-1.0	S	0.03	0.03-0.03	S	0.004	0.004-0.004	S	0.015	0.015-0.015	S
GCGS0623	10	759	30	2	2.0-2.0	R	0.03	0.03-0.03	S	0.004	0.004-0.004	S	0.004	0.004-0.004	S
GCGS0624	2	811	504	0.25	0.25-0.25	S	0.03	0.03-0.03	S	2	2.0-2.0	R	0.015	0.015-0.015	S
GCGS0625	5	374	453	0.25	0.25-0.25	S	0.03	0.03-0.03	S	2	2.0-2.0	R	0.015	0.015-0.015	S
GCGS0626	5	363	30	0.25	0.25-0.25	S	0.03	0.03-0.03	S	4	4.0-4.0	R	0.015	0.015-0.015	S
GCGS0627	5	349	4	1	1.0-1.0	S	0.063	0.063-0.063	S	32	32.0-32.0	R	0.25	0.25-0.25	R
GCGS0628	5	348	4	0.25	0.25-0.25	S	0.03	0.03-0.03	S	4	4.0-4.0	R	0.03	0.03-0.03	S
GCGS0629	5	355	4	0.25	0.25-0.25	S	0.03	0.03-0.03	S	4	4.0-4.0	R	0.03	0.03-0.03	S
GCGS0630	3	469	4572	0.5	0.5-0.5	S	0.03	0.03-0.03	S	0.008	0.008-0.008	S	0.015	0.015-0.015	S
GCGS0631	5	376	1449	0.25	0.25-0.25	S	0.03	0.03-0.03	S	8	8.0-8.0	R	0.03	0.03-0.03	S
GCGS0632	5	338	106	0.5	0.5-0.5	S	0.03	0.03-0.03	S	2	2.0-2.0	R	0.015	0.015-0.015	S
GCGS0633	5	327	14	0.5	0.5-0.5	S	0.03	0.03-0.03	S	8	8.0-8.0	R	0.03	0.03-0.03	S
GCGS0634	1	629	4	0.5	0.5-0.5	S	0.03	0.03-0.03	S	16	16.0-16.0	R	0.03	0.03-0.03	S
GCGS0635	4	1082	50	8	8.0-8.0	R	0.03	0.03-0.03	S	0.008	0.008-0.008	S	0.015	0.015-0.015	S
GCGS0636	5	339	106	1	1.0-1.0	S	0.03	0.03-0.03	S	4	4.0-4.0	R	0.015	0.015-0.015	S
GCGS0637	5	317	14	1	1.0-1.0	S	0.03	0.03-0.03	S	16	16.0-16.0	R	0.03	0.03-0.03	S
GCGS0638	7	905	1808	4	4.0-4.0	R	0.03	0.03-0.03	S	0.015	0.015-0.015	S	0.015	0.015-0.015	S
GCGS0639	5	309	4574	0.06	0.06-0.06	S	0.03	0.03-0.03	S	2	2.0-2.0	R	0.008	0.008-0.008	S
GCGS0640	13	564	1489	0.125	0.125-0.125	S	0.03	0.03-0.03	S	8	8.0-8.0	R	0.015	0.015-0.015	S
GCGS0641	7	913	5493	0.25	0.25-0.25	S	0.03	0.03-0.03	S	4	4.0-4.0	R	0.03	0.03-0.03	S
GCGS0642	7	915	1808	0.5	0.5-0.5	S	0.03	0.03-0.03	S	0.015	0.015-0.015	S	0.008	0.008-0.008	S
GCGS0643	7	901	262	0.5	0.5-0.5	S	0.03	0.03-0.03	S	0.015	0.015-0.015	S	0.008	0.008-0.008	S
GCGS0644	7	972	2043	0.5	0.5-0.5	S	0.03	0.03-0.03	S	0.015	0.015-0.015	S	0.015	0.015-0.015	S
GCGS0645	7	978	908	0.5	0.5-0.5	S	0.03	0.03-0.03	S	0.015	0.015-0.015	S	0.008	0.008-0.008	S
GCGS0646	3	476	14	1	1.0-1.0	S	0.03	0.03-0.03	S	0.015	0.015-0.015	S	0.015	0.015-0.015	S
GCGS0647	8	639	91	0.25	0.25-0.25	S	0.03	0.03-0.03	S	0.008	0.008-0.008	S	0.015	0.015-0.015	S
GCGS0648	3	475	14	0.5	0.5-0.5	S	0.03	0.03-0.03	S	0.015	0.015-0.015	S	0.015	0.015-0.015	S
GCGS0649	4	1002	50	4	4.0-4.0	R	0.03	0.03-0.03	S	0.004	0.004-0.004	S	0.015	0.015-0.015	S
GCGS0650	5	306	262	0.25	0.25-0.25	S	0.03	0.03-0.03	S	4	4.0-4.0	R	0.015	0.015-0.015	S
GCGS0651	3	478	NA	0.25	0.25-0.25	S	0.03	0.03-0.03	S	0.008	0.008-0.008	S	0.015	0.015-0.015	S
GCGS0652	8	643	53	1	1.0-1.0	S	0.03	0.03-0.03	S	8	8.0-8.0	R	0.015	0.015-0.015	S
GCGS0653	5	373	454	4	4.0-4.0	R	0.03	0.03-0.03	S	4	4.0-4.0	R	0.03	0.03-0.03	S
GCGS0654	5	390	NA	0.5	0.5-0.5	S	0.03	0.03-0.03	S	16	16.0-16.0	R	0.03	0.03-0.03	S
GCGS0655	2	836	NA	0.5	0.5-0.5	S	0.03	0.03-0.03	S	0.015	0.015-0.015	S	0.06	0.06-0.06	S
GCGS0656	5	383	14	0.5	0.5-0.5	S	0.03	0.03-0.03	S	16	16.0-16.0	R	0.03	0.03-0.03	S
GCGS0657	7	930	1808	0.5	0.5-0.5	S	0.03	0.03-0.03	S	0.015	0.015-0.015	S	0.015	0.015-0.015	S
GCGS0658	7	964	4978	1	1.0-1.0	S	0.03	0.03-0.03	S	0.015	0.015-0.015	S	0.015	0.015-0.015	S
GCGS0659	5	380	3652	0.5	0.5-0.5	S	0.03	0.03-0.03	S	16	16.0-16.0	R	0.015	0.015-0.015	S
GCGS0660	7	886	1808	0.5	0.5-0.5	S	0.03	0.03-0.03	S	0.015	0.015-0.015	S	0.008	0.008-0.008	S
GCGS0661	7	970	NA	1	1.0-1.0	S	0.03	0.03-0.03	S	0.015	0.015-0.015	S	0.008	0.008-0.008	S
GCGS0662	12	739	343	1	1.0-1.0	S	0.03	0.03-0.03	S	0.008	0.008-0.008	S	0.004	0.004-0.004	S
GCGS0663	2	858	NA	1	1.0-1.0	S	0.03	0.03-0.03	S	0.008	0.008-0.008	S	0.015	0.015-0.015	S
GCGS0664	5	403	14	0.25	0.25-0.25	S	0.03	0.03-0.03	S	8	8.0-8.0	R	0.03	0.03-0.03	S
GCGS0665	7	935	NA	4	4.0-4.0	R	0.03	0.03-0.03	S	0.015	0.015-0.015	S	0.015	0.015-0.015	S
GCGS0666	9	661	30	0.5	0.5-0.5	S	0.03	0.03-0.03	S	4	4.0-4.0	R	0.015	0.015-0.015	S
GCGS0667	9	662	30	0.5	0.5-0.5	S	0.03	0.03-0.03	S	4	4.0-4.0	R	0.015	0.015-0.015	S
GCGS0668	3	540	1357	1	1.0-1.0	S	0.03	0.03-0.03	S	0.015	0.015-0.015	S	0.015	0.015-0.015	S
GCGS0669	7	911	59	1	1.0-1.0	S	0.03	0.03-0.03	S	0.015	0.015-0.015	S	0.008	0.008-0.008	S
GCGS0670	7	899	1808	0.5	0.5-0.5	S	0.03	0.03-0.03	S	0.015	0.015-0.015	S	0.015	0.015-0.015	S
GCGS0671	3	517	430	2	2.0-2.0	R	0.03	0.03-0.03	S	0.015	0.015-0.015	S	0.03	0.03-0.03	S
GCGS0672	3	514	430	2	2.0-2.0	R	0.03	0.03-0.03	S	0.015	0.015-0.015	S	0.03	0.03-0.03	S
GCGS0673	5	375	453	0.25	0.25-0.25	S	0.03	0.03-0.03	S	4	4.0-4.0	R	0.015	0.015-0.015	S
GCGS0674	1	592	4	0.5	0.5-0.5	S	0.03	0.03-0.03	S	32	32.0-32.0	R	0.03	0.03-0.03	S
GCGS0675	5	299	206	0.25	0.25-0.25	S	0.03	0.03-0.03	S	16	16.0-16.0	R	0.015	0.015-0.015	S
GCGS0676	5	427	1259	0.5	0.5-0.5	S	0.03	0.03-0.03	S	16	16.0-16.0	R	0.03	0.03-0.03	S
GCGS0677	5	431	1259	0.5	0.5-0.5	S	0.03	0.03-0.03	S	16	16.0-16.0	R	0.03	0.03-0.03	S
GCGS0678	2	879	289	0.125	0.125-0.125	S	0.03	0.03-0.03	S	0.015	0.015-0.015	S	0.015	0.015-0.015	S
GCGS0679	8	537	96	0.25	0.25-0.25	S	0.03	0.03-0.03	S	0.015	0.015-0.015	S	0.008	0.008-0.008	S
GCGS0680	2	865	2835	0.125	0.125-0.125	S	0.03	0.03-0.03	S	0.015	0.015-0.015	S	0.015	0.015-0.015	S
GCGS0681	7	932	4941	0.5	0.5-0.5	S	0.03	0.03-0.03	S	0.015	0.015-0.015	S	0.008	0.008-0.008	S
GCGS0682	3	468	187	0.5	0.5-0.5	S	0.03	0.03-0.03	S	0.015	0.015-0.015	S	0.03	0.03-0.03	S
GCGS0683	5	350	4	0.25	0.25-0.25	S	0.03	0.03-0.03	S	8	8.0-8.0	R	0.06	0.06-0.06	S
GCGS0684	5	351	4	0.25	0.25-0.25	S	0.03	0.03-0.03	S	8	8.0-8.0	R	0.03	0.03-0.03	S
GCGS0685	11	719	260	4	4.0-4.0	R	0.03	0.03-0.03	S	0.008	0.008-0.008	S	0.015	0.015-0.015	S
GCGS0686	5	357	223	0.5	0.5-0.5	S	0.03	0.03-0.03	S	8	8.0-8.0	R	0.03	0.03-0.03	S
GCGS0687	11	720	260	2	2.0-2.0	R	0.03	0.03-0.03	S	0.008	0.008-0.008	S	0.015	0.015-0.015	S
GCGS0688	1	591	4	0.25	0.25-0.25	S	0.03	0.03-0.03	S	8	8.0-8.0	R	0.015	0.015-0.015	S
GCGS0689	5	328	14	0.25	0.25-0.25	S	0.03	0.03-0.03	S	8	8.0-8.0	R	0.03	0.03-0.03	S
GCGS0690	5	353	4	0.5	0.5-0.5	S	0.03	0.03-0.03	S	8	8.0-8.0	R	0.03	0.03-0.03	S
GCGS0691	4	1084	50	4	4.0-4.0	R	0.03	0.03-0.03	S	0.008	0.008-0.008	S	0.015	0.015-0.015	S
GCGS0692	1	625	2329	0.5	0.5-0.5	S	0.03	0.03-0.03	S	16	16.0-16.0	R	0.06	0.06-0.06	S
GCGS0693	5	417	1259	0.5	0.5-0.5	S	0.03	0.03-0.03	S	8	8.0-8.0	R	0.03	0.03-0.03	S
GCGS0694	7	945	NA	8	8.0-8.0	R	0.03	0.03-0.03	S	0.015	0.015-0.015	S	0.008	0.008-0.008	S
GCGS0695	5	433	4562	0.5	0.5-0.5	S	0.03	0.03-0.03	S	4	4.0-4.0	R	0.015	0.015-0.015	S
GCGS0696	7	926	4587	2	2.0-2.0	R	0.03	0.03-0.03	S	0.015	0.015-0.015	S	0.015	0.015-0.015	S
GCGS0697	8	547	5075	0.125	0.125-0.125	S	0.03	0.03-0.03	S	4	4.0-4.0	R	0.015	0.015-0.015	S
GCGS0698	7	928	4587	2	2.0-2.0	R	0.03	0.03-0.03	S	0.015	0.015-0.015	S	0.008	0.008-0.008	S
GCGS0699	13	552	908	0.5	0.5-0.5	S	0.03	0.03-0.03	S	16	16.0-16.0	R	0.03	0.03-0.03	S
GCGS0700	1	604	260	0.5	0.5-0.5	S	0.03	0.03-0.03	S	16	16.0-16.0	R	0.015	0.015-0.015	S
GCGS0701	7	914	1808	1	1.0-1.0	S	0.03	0.03-0.03	S	0.015	0.015-0.015	S	0.008	0.008-0.008	S
GCGS0702	3	493	4	0.25	0.25-0.25	S	0.03	0.03-0.03	S	0.015	0.015-0.015	S	0.015	0.015-0.015	S
GCGS0703	11	726	70	2	2.0-2.0	R	0.03	0.03-0.03	S	0.008	0.008-0.008	S	0.008	0.008-0.008	S
GCGS0704	3	459	14	4	4.0-4.0	R	0.03	0.03-0.03	S	0.008	0.008-0.008	S	0.015	0.015-0.015	S
GCGS0705	4	1093	50	2	2.0-2.0	R	0.03	0.03-0.03	S	0.004	0.004-0.004	S	0.004	0.004-0.004	S
GCGS0706	5	424	1259	0.5	0.5-0.5	S	0.03	0.03-0.03	S	32	32.0-32.0	R	0.03	0.03-0.03	S
GCGS0707	5	425	1259	0.5	0.5-0.5	S	0.03	0.03-0.03	S	32	32.0-32.0	R	0.03	0.03-0.03	S
GCGS0708	2	452	580	8	8.0-8.0	R	0.03	0.03-0.03	S	16	16.0-16.0	R	0.015	0.015-0.015	S
GCGS0709	2	868	87	0.25	0.25-0.25	S	0.03	0.03-0.03	S	0.06	0.06-0.06	S	0.015	0.015-0.015	S
GCGS0710	5	409	14	0.25	0.25-0.25	S	0.03	0.03-0.03	S	16	16.0-16.0	R	0.015	0.015-0.015	S
GCGS0711	5	302	1382	0.25	0.25-0.25	S	0.03	0.03-0.03	S	4	4.0-4.0	R	0.015	0.015-0.015	S
GCGS0712	5	300	1382	0.5	0.5-0.5	S	0.03	0.03-0.03	S	8	8.0-8.0	R	0.03	0.03-0.03	S
GCGS0713	3	519	NA	16	16.0-16.0	R	0.03	0.03-0.03	S	0.015	0.015-0.015	S	0.03	0.03-0.03	S
GCGS0714	8	571	1053	0.125	0.125-0.125	S	0.03	0.03-0.03	S	4	4.0-4.0	R	0.015	0.015-0.015	S
GCGS0715	6	150	908	0.25	0.25-0.25	S	0.03	0.03-0.03	S	8	8.0-8.0	R	0.015	0.015-0.015	S
GCGS0716	6	149	908	0.25	0.25-0.25	S	0.03	0.03-0.03	S	16	16.0-16.0	R	0.015	0.015-0.015	S
GCGS0717	1	602	260	0.25	0.25-0.25	S	0.03	0.03-0.03	S	16	16.0-16.0	R	0.015	0.015-0.015	S
GCGS0718	3	462	584	1	1.0-1.0	S	0.06	0.06-0.06	S	0.03	0.03-0.03	S	0.06	0.06-0.06	S
GCGS0719	4	1001	50	4	4.0-4.0	R	0.06	0.06-0.06	S	0.004	0.004-0.004	S	0.03	0.03-0.03	S
GCGS0720	4	989	3190	4	4.0-4.0	R	0.06	0.06-0.06	S	0.004	0.004-0.004	S	0.015	0.015-0.015	S
GCGS0721	4	986	3190	4	4.0-4.0	R	0.06	0.06-0.06	S	0.004	0.004-0.004	S	0.015	0.015-0.015	S
GCGS0722	6	70	908	0.5	0.5-0.5	S	0.125	0.125-0.125	S	16	16.0-16.0	R	0.063	0.063-0.063	S
GCGS0723	3	491	4	1	1.0-1.0	S	0.06	0.06-0.06	S	0.015	0.015-0.015	S	0.03	0.03-0.03	S
GCGS0724	3	490	4	1	1.0-1.0	S	0.06	0.06-0.06	S	0.015	0.015-0.015	S	0.06	0.06-0.06	S
GCGS0725	5	392	NA	1	1.0-1.0	S	0.06	0.06-0.06	S	16	16.0-16.0	R	0.03	0.03-0.03	S
GCGS0726	3	530	NA	0.5	0.5-0.5	S	0.06	0.06-0.06	S	0.004	0.004-0.004	S	0.03	0.03-0.03	S
GCGS0727	2	833	8	0.5	0.5-0.5	S	0.06	0.06-0.06	S	0.004	0.004-0.004	S	0.015	0.015-0.015	S
GCGS0728	2	822	NA	0.5	0.5-0.5	S	0.06	0.06-0.06	S	0.004	0.004-0.004	S	0.015	0.015-0.015	S
GCGS0729	2	820	59	1	1.0-1.0	S	0.06	0.06-0.06	S	0.004	0.004-0.004	S	0.03	0.03-0.03	S
GCGS0730	9	658	30	0.5	0.5-0.5	S	0.06	0.06-0.06	S	4	4.0-4.0	R	0.03	0.03-0.03	S
GCGS0731	5	318	NA	0.25	0.25-0.25	S	0.06	0.06-0.06	S	16	16.0-16.0	R	0.06	0.06-0.06	S
GCGS0732	7	931	NA	1	1.0-1.0	S	0.06	0.06-0.06	S	0.015	0.015-0.015	S	0.008	0.008-0.008	S
GCGS0733	1	630	5058	2	2.0-2.0	R	0.06	0.06-0.06	S	16	16.0-16.0	R	0.015	0.015-0.015	S
GCGS0734	3	511	14	0.25	0.25-0.25	S	0.06	0.06-0.06	S	0.008	0.008-0.008	S	0.03	0.03-0.03	S
GCGS0735	3	510	14	0.5	0.5-0.5	S	0.06	0.06-0.06	S	0.015	0.015-0.015	S	0.03	0.03-0.03	S
GCGS0736	3	509	14	0.25	0.25-0.25	S	0.06	0.06-0.06	S	0.015	0.015-0.015	S	0.03	0.03-0.03	S
GCGS0737	3	505	14	0.5	0.5-0.5	S	0.06	0.06-0.06	S	0.015	0.015-0.015	S	0.03	0.03-0.03	S
GCGS0738	3	506	877	1	1.0-1.0	S	0.06	0.06-0.06	S	0.015	0.015-0.015	S	0.03	0.03-0.03	S
GCGS0739	9	673	5411	0.06	0.06-0.06	S	0.06	0.06-0.06	S	2	2.0-2.0	R	0.015	0.015-0.015	S
GCGS0740	6	50	7	0.5	0.5-0.5	S	0.125	0.125-0.125	S	8	8.0-8.0	R	0.032	0.032-0.032	S
GCGS0741	4	1010	50	2	2.0-2.0	R	0.06	0.06-0.06	S	0.004	0.004-0.004	S	0.03	0.03-0.03	S
GCGS0742	2	844	NA	0.5	0.5-0.5	S	0.06	0.06-0.06	S	0.015	0.015-0.015	S	0.06	0.06-0.06	S
GCGS0743	2	841	NA	0.5	0.5-0.5	S	0.06	0.06-0.06	S	0.015	0.015-0.015	S	0.03	0.03-0.03	S
GCGS0744	2	837	NA	0.5	0.5-0.5	S	0.06	0.06-0.06	S	0.015	0.015-0.015	S	0.06	0.06-0.06	S
GCGS0745	4	1018	442	256	256.0-256.0	R	0.06	0.06-0.06	S	0.015	0.015-0.015	S	0.03	0.03-0.03	S
GCGS0746	1	632	5210	0.5	0.5-0.5	S	0.06	0.06-0.06	S	32	32.0-32.0	R	0.06	0.06-0.06	S
GCGS0747	7	977	908	1	1.0-1.0	S	0.06	0.06-0.06	S	0.015	0.015-0.015	S	0.015	0.015-0.015	S
GCGS0748	1	633	5210	0.5	0.5-0.5	S	0.06	0.06-0.06	S	16	16.0-16.0	R	0.06	0.06-0.06	S
GCGS0749	3	543	NA	1	1.0-1.0	S	0.06	0.06-0.06	S	0.015	0.015-0.015	S	0.03	0.03-0.03	S
GCGS0750	4	1077	702	0.5	0.5-0.5	S	0.06	0.06-0.06	S	0.015	0.015-0.015	S	0.015	0.015-0.015	S
GCGS0751	4	1089	50	8	8.0-8.0	R	0.06	0.06-0.06	S	0.008	0.008-0.008	S	0.015	0.015-0.015	S
GCGS0752	1	599	4	0.5	0.5-0.5	S	0.06	0.06-0.06	S	16	16.0-16.0	R	0.03	0.03-0.03	S
GCGS0753	1	614	4	0.5	0.5-0.5	S	0.06	0.06-0.06	S	8	8.0-8.0	R	0.03	0.03-0.03	S
GCGS0754	5	289	1892	0.5	0.5-0.5	S	0.06	0.06-0.06	S	16	16.0-16.0	R	0.03	0.03-0.03	S
GCGS0755	13	561	1489	0.125	0.125-0.125	S	0.06	0.06-0.06	S	8	8.0-8.0	R	0.03	0.03-0.03	S
GCGS0756	1	618	223	0.5	0.5-0.5	S	0.06	0.06-0.06	S	16	16.0-16.0	R	0.03	0.03-0.03	S
GCGS0757	6	130	1808	1	1.0-1.0	S	0.063	0.063-0.063	S	4	4.0-4.0	R	0.016	0.016-0.016	S
GCGS0758	13	554	1388	0.25	0.25-0.25	S	0.06	0.06-0.06	S	16	16.0-16.0	R	0.06	0.06-0.06	S
GCGS0759	6	275	2889	8	8.0-8.0	R	0.125	0.125-0.125	S	16	16.0-16.0	R	0.063	0.063-0.063	S
GCGS0760	3	527	33	1	1.0-1.0	S	0.06	0.06-0.06	S	0.008	0.008-0.008	S	0.03	0.03-0.03	S
GCGS0761	3	526	3408	0.5	0.5-0.5	S	0.06	0.06-0.06	S	0.008	0.008-0.008	S	0.03	0.03-0.03	S
GCGS0762	1	573	4	0.5	0.5-0.5	S	0.06	0.06-0.06	S	16	16.0-16.0	R	0.03	0.03-0.03	S
GCGS0763	4	1035	301	8	8.0-8.0	R	0.06	0.06-0.06	S	0.015	0.015-0.015	S	0.015	0.015-0.015	S
GCGS0764	9	676	30	0.25	0.25-0.25	S	0.06	0.06-0.06	S	1	1.0-1.0	R	0.03	0.03-0.03	S
GCGS0765	3	515	NA	2	2.0-2.0	R	0.06	0.06-0.06	S	0.015	0.015-0.015	S	0.03	0.03-0.03	S
GCGS0766	2	855	NA	0.25	0.25-0.25	S	0.06	0.06-0.06	S	0.004	0.004-0.004	S	0.008	0.008-0.008	S
GCGS0767	6	180	2237	0.5	0.5-0.5	S	0.25	0.25-0.25	R	16	16.0-16.0	R	0.125	0.125-0.125	R
GCGS0768	2	863	2835	0.125	0.125-0.125	S	0.06	0.06-0.06	S	0.015	0.015-0.015	S	0.03	0.03-0.03	S
GCGS0769	8	536	2870	0.25	0.25-0.25	S	0.06	0.06-0.06	S	0.015	0.015-0.015	S	0.06	0.06-0.06	S
GCGS0770	13	549	908	1	1.0-1.0	S	0.06	0.06-0.06	S	16	16.0-16.0	R	0.03	0.03-0.03	S
GCGS0771	4	1004	50	1	1.0-1.0	S	0.06	0.06-0.06	S	0.004	0.004-0.004	S	0.015	0.015-0.015	S
GCGS0772	4	1005	50	2	2.0-2.0	R	0.06	0.06-0.06	S	0.004	0.004-0.004	S	0.03	0.03-0.03	S
GCGS0773	5	361	455	0.25	0.25-0.25	S	0.06	0.06-0.06	S	4	4.0-4.0	R	0.06	0.06-0.06	S
GCGS0774	5	344	242	0.25	0.25-0.25	S	0.06	0.06-0.06	S	4	4.0-4.0	R	0.015	0.015-0.015	S
GCGS0775	5	377	1449	0.25	0.25-0.25	S	0.06	0.06-0.06	S	4	4.0-4.0	R	0.015	0.015-0.015	S
GCGS0776	5	340	14	0.5	0.5-0.5	S	0.06	0.06-0.06	S	16	16.0-16.0	R	0.06	0.06-0.06	S
GCGS0777	3	466	187	2	2.0-2.0	R	0.06	0.06-0.06	S	0.015	0.015-0.015	S	0.03	0.03-0.03	S
GCGS0778	1	621	NA	0.5	0.5-0.5	S	0.06	0.06-0.06	S	16	16.0-16.0	R	0.03	0.03-0.03	S
GCGS0779	5	423	1259	0.5	0.5-0.5	S	0.06	0.06-0.06	S	16	16.0-16.0	R	0.06	0.06-0.06	S
GCGS0780	6	63	908	0.5	0.5-0.5	S	0.125	0.125-0.125	S	16	16.0-16.0	R	0.032	0.032-0.032	S
GCGS0781	6	18	1903	0.063	0.063-0.063	S	0.032	0.032-0.032	S	4	4.0-4.0	R	0.016	0.016-0.016	S
GCGS0782	8	640	NA	0.25	0.25-0.25	S	0.06	0.06-0.06	S	0.004	0.004-0.004	S	0.008	0.008-0.008	S
GCGS0783	5	307	262	0.25	0.25-0.25	S	0.06	0.06-0.06	S	2	2.0-2.0	R	0.015	0.015-0.015	S
GCGS0784	8	637	91	0.25	0.25-0.25	S	0.06	0.06-0.06	S	0.008	0.008-0.008	S	0.03	0.03-0.03	S
GCGS0785	5	310	262	0.5	0.5-0.5	S	0.06	0.06-0.06	S	4	4.0-4.0	R	0.015	0.015-0.015	S
GCGS0786	3	477	14	1	1.0-1.0	S	0.06	0.06-0.06	S	0.015	0.015-0.015	S	0.015	0.015-0.015	S
GCGS0787	7	979	2047	0.5	0.5-0.5	S	0.06	0.06-0.06	S	0.015	0.015-0.015	S	0.008	0.008-0.008	S
GCGS0788	13	556	1489	0.25	0.25-0.25	S	0.06	0.06-0.06	S	2	2.0-2.0	R	0.03	0.03-0.03	S
GCGS0789	7	968	NA	0.5	0.5-0.5	S	0.06	0.06-0.06	S	0.015	0.015-0.015	S	0.008	0.008-0.008	S
GCGS0790	3	512	430	2	2.0-2.0	R	0.06	0.06-0.06	S	0.03	0.03-0.03	S	0.03	0.03-0.03	S
GCGS0791	3	513	5722	2	2.0-2.0	R	0.06	0.06-0.06	S	0.03	0.03-0.03	S	0.06	0.06-0.06	S
GCGS0792	13	569	NA	8	8.0-8.0	R	0.06	0.06-0.06	S	16	16.0-16.0	R	0.03	0.03-0.03	S
GCGS0793	13	568	NA	8	8.0-8.0	R	0.06	0.06-0.06	S	16	16.0-16.0	R	0.03	0.03-0.03	S
GCGS0794	3	541	1775	1	1.0-1.0	S	0.06	0.06-0.06	S	0.015	0.015-0.015	S	0.03	0.03-0.03	S
GCGS0795	4	1043	50	2	2.0-2.0	R	0.06	0.06-0.06	S	0.008	0.008-0.008	S	0.015	0.015-0.015	S
GCGS0796	5	352	4	0.25	0.25-0.25	S	0.06	0.06-0.06	S	8	8.0-8.0	R	0.06	0.06-0.06	S
GCGS0797	5	354	4	0.25	0.25-0.25	S	0.06	0.06-0.06	S	8	8.0-8.0	R	0.03	0.03-0.03	S
GCGS0798	5	356	4	0.25	0.25-0.25	S	0.06	0.06-0.06	S	16	16.0-16.0	R	0.06	0.06-0.06	S
GCGS0799	5	362	455	0.25	0.25-0.25	S	0.06	0.06-0.06	S	8	8.0-8.0	R	0.015	0.015-0.015	S
GCGS0800	1	598	4	0.5	0.5-0.5	S	0.06	0.06-0.06	S	16	16.0-16.0	R	0.03	0.03-0.03	S
GCGS0801	1	610	4	0.5	0.5-0.5	S	0.06	0.06-0.06	S	8	8.0-8.0	R	0.03	0.03-0.03	S
GCGS0802	1	608	4	0.5	0.5-0.5	S	0.06	0.06-0.06	S	8	8.0-8.0	R	0.03	0.03-0.03	S
GCGS0803	1	609	4	0.5	0.5-0.5	S	0.06	0.06-0.06	S	8	8.0-8.0	R	0.03	0.03-0.03	S
GCGS0804	13	555	908	0.5	0.5-0.5	S	0.06	0.06-0.06	S	16	16.0-16.0	R	0.03	0.03-0.03	S
GCGS0805	13	553	908	0.5	0.5-0.5	S	0.06	0.06-0.06	S	8	8.0-8.0	R	0.03	0.03-0.03	S
GCGS0806	1	624	2329	0.5	0.5-0.5	S	0.06	0.06-0.06	S	16	16.0-16.0	R	0.03	0.03-0.03	S
GCGS0807	7	907	1808	0.5	0.5-0.5	S	0.06	0.06-0.06	S	16	16.0-16.0	R	0.06	0.06-0.06	S
GCGS0808	13	550	908	0.25	0.25-0.25	S	0.06	0.06-0.06	S	8	8.0-8.0	R	0.015	0.015-0.015	S
GCGS0809	13	551	908	0.5	0.5-0.5	S	0.06	0.06-0.06	S	16	16.0-16.0	R	0.03	0.03-0.03	S
GCGS0810	1	603	260	0.5	0.5-0.5	S	0.06	0.06-0.06	S	32	32.0-32.0	R	0.06	0.06-0.06	S
GCGS0811	6	178	908	1	1.0-1.0	S	0.125	0.125-0.125	S	16	16.0-16.0	R	0.063	0.063-0.063	S
GCGS0812	3	484	14	0.25	0.25-0.25	S	0.06	0.06-0.06	S	0.015	0.015-0.015	S	0.03	0.03-0.03	S
GCGS0813	4	1003	50	2	2.0-2.0	R	0.06	0.06-0.06	S	0.008	0.008-0.008	S	0.03	0.03-0.03	S
GCGS0814	13	565	1489	0.125	0.125-0.125	S	0.06	0.06-0.06	S	8	8.0-8.0	R	0.03	0.03-0.03	S
GCGS0815	13	570	1489	0.125	0.125-0.125	S	0.06	0.06-0.06	S	8	8.0-8.0	R	0.03	0.03-0.03	S
GCGS0816	13	566	5029	0.25	0.25-0.25	S	0.06	0.06-0.06	S	8	8.0-8.0	R	0.03	0.03-0.03	S
GCGS0817	13	562	1489	0.25	0.25-0.25	S	0.06	0.06-0.06	S	8	8.0-8.0	R	0.03	0.03-0.03	S
GCGS0818	13	563	1489	0.25	0.25-0.25	S	0.06	0.06-0.06	S	8	8.0-8.0	R	0.03	0.03-0.03	S
GCGS0819	8	534	5521	0.5	0.5-0.5	S	0.125	0.125-0.125	S	0.06	0.06-0.06	S	0.008	0.008-0.008	S
GCGS0820	4	1067	2700	0.5	0.5-0.5	S	0.125	0.125-0.125	S	0.015	0.015-0.015	S	0.015	0.015-0.015	S
GCGS0821	4	1074	NA	0.5	0.5-0.5	S	0.125	0.125-0.125	S	0.015	0.015-0.015	S	0.03	0.03-0.03	S
GCGS0822	6	29	908	0.5	0.5-0.5	S	0.125	0.125-0.125	S	8	8.0-8.0	R	0.06	0.06-0.06	S
GCGS0823	4	999	3190	2	2.0-2.0	R	0.063	0.063-0.063	S	0.004	0.004-0.004	S	0.063	0.063-0.063	S
GCGS0824	3	487	4	1	1.0-1.0	S	0.125	0.125-0.125	S	0.015	0.015-0.015	S	0.06	0.06-0.06	S
GCGS0825	3	524	430	1	1.0-1.0	S	0.125	0.125-0.125	S	0.03	0.03-0.03	S	0.06	0.06-0.06	S
GCGS0826	3	523	430	1	1.0-1.0	S	0.125	0.125-0.125	S	0.03	0.03-0.03	S	0.06	0.06-0.06	S
GCGS0827	7	889	4658	0.5	0.5-0.5	S	0.125	0.125-0.125	S	0.015	0.015-0.015	S	0.008	0.008-0.008	S
GCGS0828	3	535	NA	0.5	0.5-0.5	S	0.125	0.125-0.125	S	0.008	0.008-0.008	S	0.06	0.06-0.06	S
GCGS0829	2	853	2194	0.25	0.25-0.25	S	0.125	0.125-0.125	S	0.008	0.008-0.008	S	0.03	0.03-0.03	S
GCGS0830	8	805	206	0.25	0.25-0.25	S	0.125	0.125-0.125	S	0.015	0.015-0.015	S	0.06	0.06-0.06	S
GCGS0831	3	508	14	0.25	0.25-0.25	S	0.125	0.125-0.125	S	0.015	0.015-0.015	S	0.06	0.06-0.06	S
GCGS0832	2	843	NA	0.25	0.25-0.25	S	0.125	0.125-0.125	S	0.002	0.002-0.002	S	0.063	0.063-0.063	S
GCGS0833	6	133	908	0.5	0.5-0.5	S	0.125	0.125-0.125	S	16	16.0-16.0	R	0.06	0.06-0.06	S
GCGS0834	6	266	4732	2	2.0-2.0	R	0.125	0.125-0.125	S	4	4.0-4.0	R	0.03	0.03-0.03	S
GCGS0835	6	197	NA	0.5	0.5-0.5	S	0.125	0.125-0.125	S	16	16.0-16.0	R	0.06	0.06-0.06	S
GCGS0836	6	189	NA	1	1.0-1.0	S	0.125	0.125-0.125	S	16	16.0-16.0	R	0.03	0.03-0.03	S
GCGS0837	6	27	908	1	1.0-1.0	S	0.125	0.125-0.125	S	16	16.0-16.0	R	0.06	0.06-0.06	S
GCGS0838	6	42	1903	16	16.0-16.0	R	0.125	0.125-0.125	S	16	16.0-16.0	R	0.03	0.03-0.03	S
GCGS0839	2	866	NA	0.25	0.25-0.25	S	0.125	0.125-0.125	S	0.002	0.002-0.002	S	0.015	0.015-0.015	S
GCGS0840	5	365	28	0.25	0.25-0.25	S	0.125	0.125-0.125	S	4	4.0-4.0	R	0.06	0.06-0.06	S
GCGS0841	6	118	908	1	1.0-1.0	S	0.125	0.125-0.125	S	16	16.0-16.0	R	0.06	0.06-0.06	S
GCGS0842	6	8	908	2	2.0-2.0	R	0.125	0.125-0.125	S	16	16.0-16.0	R	0.125	0.125-0.125	R
GCGS0843	8	773	7	0.25	0.25-0.25	S	0.125	0.125-0.125	S	0.004	0.004-0.004	S	0.015	0.015-0.015	S
GCGS0844	6	131	NA	4	4.0-4.0	R	0.125	0.125-0.125	S	16	16.0-16.0	R	0.06	0.06-0.06	S
GCGS0845	3	533	10	0.25	0.25-0.25	S	0.125	0.125-0.125	S	0.015	0.015-0.015	S	0.015	0.015-0.015	S
GCGS0846	3	479	14	1	1.0-1.0	S	0.125	0.125-0.125	S	0.015	0.015-0.015	S	0.03	0.03-0.03	S
GCGS0847	6	230	1914	0.5	0.5-0.5	S	0.125	0.125-0.125	S	8	8.0-8.0	R	0.03	0.03-0.03	S
GCGS0848	6	84	1388	1	1.0-1.0	S	0.125	0.125-0.125	S	16	16.0-16.0	R	0.06	0.06-0.06	S
GCGS0849	6	276	908	4	4.0-4.0	R	0.125	0.125-0.125	S	16	16.0-16.0	R	0.03	0.03-0.03	S
GCGS0850	11	698	NA	0.5	0.5-0.5	S	0.125	0.125-0.125	S	1	1.0-1.0	R	0.03	0.03-0.03	S
GCGS0851	6	114	908	0.5	0.5-0.5	S	0.125	0.125-0.125	S	8	8.0-8.0	R	0.06	0.06-0.06	S
GCGS0852	13	567	1489	2	2.0-2.0	R	0.032	0.032-0.032	S	32	32.0-32.0	R	0.063	0.063-0.063	S
GCGS0853	4	1075	2700	0.5	0.5-0.5	S	0.125	0.125-0.125	S	0.015	0.015-0.015	S	0.06	0.06-0.06	S
GCGS0854	6	170	6231	1	1.0-1.0	S	0.125	0.125-0.125	S	16	16.0-16.0	R	0.03	0.03-0.03	S
GCGS0855	3	461	14	0.25	0.25-0.25	S	0.125	0.125-0.125	S	0.015	0.015-0.015	S	0.03	0.03-0.03	S
GCGS0856	6	280	2237	8	8.0-8.0	R	0.125	0.125-0.125	S	8	8.0-8.0	R	0.06	0.06-0.06	S
GCGS0857	7	900	1808	0.5	0.5-0.5	S	0.125	0.125-0.125	S	0.015	0.015-0.015	S	0.015	0.015-0.015	S
GCGS0858	5	429	1259	0.5	0.5-0.5	S	0.125	0.125-0.125	S	16	16.0-16.0	R	0.06	0.06-0.06	S
GCGS0859	1	601	260	0.5	0.5-0.5	S	0.125	0.125-0.125	S	16	16.0-16.0	R	0.03	0.03-0.03	S
GCGS0860	2	453	260	8	8.0-8.0	R	0.125	0.125-0.125	S	32	32.0-32.0	R	0.06	0.06-0.06	S
GCGS0861	5	359	455	1	1.0-1.0	S	0.125	0.125-0.125	S	16	16.0-16.0	R	0.063	0.063-0.063	S
GCGS0862	6	31	908	1	1.0-1.0	S	0.25	0.25-0.25	R	8	8.0-8.0	R	0.06	0.06-0.06	S
GCGS0863	6	30	908	1	1.0-1.0	S	0.25	0.25-0.25	R	8	8.0-8.0	R	0.125	0.125-0.125	R
GCGS0864	6	32	NA	1	1.0-1.0	S	0.25	0.25-0.25	R	8	8.0-8.0	R	0.125	0.125-0.125	R
GCGS0865	3	489	4	1	1.0-1.0	S	0.032	0.032-0.032	S	0.016	0.016-0.016	S	0.032	0.032-0.032	S
GCGS0866	3	488	4	1	1.0-1.0	S	0.032	0.032-0.032	S	0.0169	0.0169-0.0169	S	0.032	0.032-0.032	S
GCGS0867	3	486	4	1	1.0-1.0	S	0.032	0.032-0.032	S	0.016	0.016-0.016	S	0.032	0.032-0.032	S
GCGS0868	6	41	1903	0.5	0.5-0.5	S	0.25	0.25-0.25	R	8	8.0-8.0	R	0.03	0.03-0.03	S
GCGS0869	6	2	908	1	1.0-1.0	S	0.25	0.25-0.25	R	16	16.0-16.0	R	0.03	0.03-0.03	S
GCGS0870	8	782	NA	2	2.0-2.0	R	1	1.0-1.0	R	0.25	0.25-0.25	S	0.125	0.125-0.125	R
GCGS0871	6	249	1914	0.25	0.25-0.25	S	0.25	0.25-0.25	R	16	16.0-16.0	R	0.06	0.06-0.06	S
GCGS0872	6	268	908	0.5	0.5-0.5	S	0.25	0.25-0.25	R	16	16.0-16.0	R	0.06	0.06-0.06	S
GCGS0873	6	106	908	1	1.0-1.0	S	0.25	0.25-0.25	R	16	16.0-16.0	R	0.06	0.06-0.06	S
GCGS0874	6	136	908	1	1.0-1.0	S	0.25	0.25-0.25	R	16	16.0-16.0	R	0.125	0.125-0.125	R
GCGS0875	6	78	908	1	1.0-1.0	S	0.25	0.25-0.25	R	16	16.0-16.0	R	0.06	0.06-0.06	S
GCGS0876	6	79	2551	1	1.0-1.0	S	0.25	0.25-0.25	R	16	16.0-16.0	R	0.06	0.06-0.06	S
GCGS0877	6	75	908	1	1.0-1.0	S	0.25	0.25-0.25	R	16	16.0-16.0	R	0.06	0.06-0.06	S
GCGS0878	6	80	908	0.5	0.5-0.5	S	0.25	0.25-0.25	R	16	16.0-16.0	R	0.06	0.06-0.06	S
GCGS0879	6	69	908	0.5	0.5-0.5	S	0.25	0.25-0.25	R	16	16.0-16.0	R	0.06	0.06-0.06	S
GCGS0880	6	77	2551	0.5	0.5-0.5	S	0.25	0.25-0.25	R	16	16.0-16.0	R	0.125	0.125-0.125	R
GCGS0881	6	52	908	1	1.0-1.0	S	0.25	0.25-0.25	R	16	16.0-16.0	R	0.125	0.125-0.125	R
GCGS0882	6	76	908	1	1.0-1.0	S	0.25	0.25-0.25	R	16	16.0-16.0	R	0.06	0.06-0.06	S
GCGS0883	6	255	908	0.5	0.5-0.5	S	0.25	0.25-0.25	R	16	16.0-16.0	R	0.03	0.03-0.03	S
GCGS0884	6	49	7	0.25	0.25-0.25	S	0.25	0.25-0.25	R	8	8.0-8.0	R	0.06	0.06-0.06	S
GCGS0885	6	34	908	0.25	0.25-0.25	S	0.25	0.25-0.25	R	16	16.0-16.0	R	0.06	0.06-0.06	S
GCGS0886	6	36	908	0.5	0.5-0.5	S	0.25	0.25-0.25	R	16	16.0-16.0	R	0.125	0.125-0.125	R
GCGS0887	6	6	908	1	1.0-1.0	S	0.25	0.25-0.25	R	16	16.0-16.0	R	0.06	0.06-0.06	S
GCGS0888	6	33	908	1	1.0-1.0	S	0.25	0.25-0.25	R	16	16.0-16.0	R	0.06	0.06-0.06	S
GCGS0889	6	183	2623	2	2.0-2.0	R	0.25	0.25-0.25	R	16	16.0-16.0	R	0.125	0.125-0.125	R
GCGS0890	4	1058	2700	0.25	0.25-0.25	S	0.25	0.25-0.25	R	0.015	0.015-0.015	S	0.06	0.06-0.06	S
GCGS0891	6	21	908	0.5	0.5-0.5	S	0.25	0.25-0.25	R	16	16.0-16.0	R	0.06	0.06-0.06	S
GCGS0892	6	20	908	0.5	0.5-0.5	S	0.25	0.25-0.25	R	16	16.0-16.0	R	0.06	0.06-0.06	S
GCGS0893	6	19	908	0.5	0.5-0.5	S	0.25	0.25-0.25	R	16	16.0-16.0	R	0.06	0.06-0.06	S
GCGS0894	6	254	908	0.5	0.5-0.5	S	0.25	0.25-0.25	R	16	16.0-16.0	R	0.06	0.06-0.06	S
GCGS0895	6	96	908	0.5	0.5-0.5	S	0.25	0.25-0.25	R	16	16.0-16.0	R	0.125	0.125-0.125	R
GCGS0896	6	88	908	0.25	0.25-0.25	S	0.25	0.25-0.25	R	16	16.0-16.0	R	0.06	0.06-0.06	S
GCGS0897	6	92	908	0.25	0.25-0.25	S	0.25	0.25-0.25	R	16	16.0-16.0	R	0.06	0.06-0.06	S
GCGS0898	6	89	908	0.25	0.25-0.25	S	0.25	0.25-0.25	R	16	16.0-16.0	R	0.06	0.06-0.06	S
GCGS0899	6	90	908	0.5	0.5-0.5	S	0.25	0.25-0.25	R	16	16.0-16.0	R	0.06	0.06-0.06	S
GCGS0900	6	87	908	0.25	0.25-0.25	S	0.25	0.25-0.25	R	16	16.0-16.0	R	0.06	0.06-0.06	S
GCGS0901	6	97	NA	0.5	0.5-0.5	S	0.25	0.25-0.25	R	8	8.0-8.0	R	0.06	0.06-0.06	S
GCGS0902	6	94	908	0.25	0.25-0.25	S	0.25	0.25-0.25	R	8	8.0-8.0	R	0.06	0.06-0.06	S
GCGS0903	6	91	908	0.5	0.5-0.5	S	0.25	0.25-0.25	R	16	16.0-16.0	R	0.06	0.06-0.06	S
GCGS0904	6	256	908	0.5	0.5-0.5	S	0.25	0.25-0.25	R	16	16.0-16.0	R	0.06	0.06-0.06	S
GCGS0905	6	64	908	0.5	0.5-0.5	S	0.25	0.25-0.25	R	16	16.0-16.0	R	0.06	0.06-0.06	S
GCGS0906	6	43	1903	0.5	0.5-0.5	S	0.25	0.25-0.25	R	16	16.0-16.0	R	0.06	0.06-0.06	S
GCGS0907	1	613	4	0.5	0.5-0.5	S	0.032	0.032-0.032	S	16	16.0-16.0	R	0.063	0.063-0.063	S
GCGS0908	6	265	908	0.25	0.25-0.25	S	0.25	0.25-0.25	R	16	16.0-16.0	R	0.06	0.06-0.06	S
GCGS0909	6	139	908	0.25	0.25-0.25	S	0.25	0.25-0.25	R	16	16.0-16.0	R	0.06	0.06-0.06	S
GCGS0910	6	116	908	0.25	0.25-0.25	S	0.25	0.25-0.25	R	16	16.0-16.0	R	0.06	0.06-0.06	S
GCGS0911	6	167	908	0.25	0.25-0.25	S	0.25	0.25-0.25	R	16	16.0-16.0	R	0.06	0.06-0.06	S
GCGS0912	6	81	908	0.5	0.5-0.5	S	0.25	0.25-0.25	R	16	16.0-16.0	R	0.125	0.125-0.125	R
GCGS0913	6	48	908	1	1.0-1.0	S	0.25	0.25-0.25	R	16	16.0-16.0	R	0.125	0.125-0.125	R
GCGS0914	6	115	908	1	1.0-1.0	S	0.25	0.25-0.25	R	16	16.0-16.0	R	0.06	0.06-0.06	S
GCGS0915	6	220	1914	0.5	0.5-0.5	S	0.25	0.25-0.25	R	16	16.0-16.0	R	0.125	0.125-0.125	R
GCGS0916	6	168	5291	1	1.0-1.0	S	0.25	0.25-0.25	R	16	16.0-16.0	R	0.06	0.06-0.06	S
GCGS0917	6	279	908	1	1.0-1.0	S	0.25	0.25-0.25	R	16	16.0-16.0	R	0.06	0.06-0.06	S
GCGS0918	6	278	908	1	1.0-1.0	S	0.25	0.25-0.25	R	16	16.0-16.0	R	0.06	0.06-0.06	S
GCGS0919	6	67	2763	0.5	0.5-0.5	S	0.25	0.25-0.25	R	16	16.0-16.0	R	0.06	0.06-0.06	S
GCGS0920	6	158	908	0.5	0.5-0.5	S	0.25	0.25-0.25	R	8	8.0-8.0	R	0.125	0.125-0.125	R
GCGS0921	6	185	908	0.5	0.5-0.5	S	0.25	0.25-0.25	R	16	16.0-16.0	R	0.06	0.06-0.06	S
GCGS0922	6	23	908	0.5	0.5-0.5	S	0.25	0.25-0.25	R	8	8.0-8.0	R	0.06	0.06-0.06	S
GCGS0923	6	68	908	0.5	0.5-0.5	S	0.25	0.25-0.25	R	16	16.0-16.0	R	0.125	0.125-0.125	R
GCGS0924	6	58	908	1	1.0-1.0	S	0.25	0.25-0.25	R	16	16.0-16.0	R	0.06	0.06-0.06	S
GCGS0925	6	281	2078	1	1.0-1.0	S	0.25	0.25-0.25	R	16	16.0-16.0	R	0.06	0.06-0.06	S
GCGS0926	2	817	4259	0.125	0.125-0.125	S	0.25	0.25-0.25	R	16	16.0-16.0	R	0.03	0.03-0.03	S
GCGS0927	6	5	908	1	1.0-1.0	S	0.25	0.25-0.25	R	16	16.0-16.0	R	0.06	0.06-0.06	S
GCGS0928	1	594	3558	0.25	0.25-0.25	S	0.032	0.032-0.032	S	8	8.0-8.0	R	0.032	0.032-0.032	S
GCGS0929	6	86	2232	1	1.0-1.0	S	0.25	0.25-0.25	R	8	8.0-8.0	R	0.06	0.06-0.06	S
GCGS0930	6	186	908	1	1.0-1.0	S	0.25	0.25-0.25	R	16	16.0-16.0	R	0.03	0.03-0.03	S
GCGS0931	4	1057	2700	0.5	0.5-0.5	S	0.25	0.25-0.25	R	0.015	0.015-0.015	S	0.03	0.03-0.03	S
GCGS0932	6	10	908	0.5	0.5-0.5	S	0.25	0.25-0.25	R	32	32.0-32.0	R	0.06	0.06-0.06	S
GCGS0933	6	285	NA	1	1.0-1.0	S	0.125	0.125-0.125	S	16	16.0-16.0	R	0.063	0.063-0.063	S
GCGS0934	6	17	908	0.063	0.063-0.063	S	0.063	0.063-0.063	S	2	2.0-2.0	R	0.032	0.032-0.032	S
GCGS0935	6	65	908	0.5	0.5-0.5	S	0.25	0.25-0.25	R	8	8.0-8.0	R	0.03	0.03-0.03	S
GCGS0936	6	11	908	1	1.0-1.0	S	0.25	0.25-0.25	R	32	32.0-32.0	R	0.06	0.06-0.06	S
GCGS0937	6	16	908	0.5	0.5-0.5	S	0.25	0.25-0.25	R	32	32.0-32.0	R	0.125	0.125-0.125	R
GCGS0938	6	277	908	2	2.0-2.0	R	1	1.0-1.0	R	16	16.0-16.0	R	0.25	0.25-0.25	R
GCGS0939	6	39	1903	0.5	0.5-0.5	S	0.25	0.25-0.25	R	16	16.0-16.0	R	0.06	0.06-0.06	S
GCGS0940	6	40	1903	0.5	0.5-0.5	S	0.25	0.25-0.25	R	8	8.0-8.0	R	0.03	0.03-0.03	S
GCGS0941	4	1044	2700	0.5	0.5-0.5	S	0.25	0.25-0.25	R	0.015	0.015-0.015	S	0.03	0.03-0.03	S
GCGS0942	6	55	908	1	1.0-1.0	S	0.25	0.25-0.25	R	16	16.0-16.0	R	0.06	0.06-0.06	S
GCGS0943	6	74	908	1	1.0-1.0	S	0.25	0.25-0.25	R	16	16.0-16.0	R	0.06	0.06-0.06	S
GCGS0944	6	204	908	0.5	0.5-0.5	S	0.25	0.25-0.25	R	16	16.0-16.0	R	0.06	0.06-0.06	S
GCGS0945	6	215	1900	0.25	0.25-0.25	S	0.25	0.25-0.25	R	16	16.0-16.0	R	0.06	0.06-0.06	S
GCGS0946	6	212	1900	0.25	0.25-0.25	S	0.25	0.25-0.25	R	16	16.0-16.0	R	0.125	0.125-0.125	R
GCGS0947	6	244	1914	0.25	0.25-0.25	S	0.25	0.25-0.25	R	16	16.0-16.0	R	0.06	0.06-0.06	S
GCGS0948	6	246	1914	0.25	0.25-0.25	S	0.25	0.25-0.25	R	16	16.0-16.0	R	0.06	0.06-0.06	S
GCGS0949	6	37	908	0.25	0.25-0.25	S	0.25	0.25-0.25	R	8	8.0-8.0	R	0.06	0.06-0.06	S
GCGS0950	6	233	1914	0.25	0.25-0.25	S	0.25	0.25-0.25	R	16	16.0-16.0	R	0.125	0.125-0.125	R
GCGS0951	6	245	1914	0.25	0.25-0.25	S	0.25	0.25-0.25	R	16	16.0-16.0	R	0.06	0.06-0.06	S
GCGS0952	6	241	1914	0.25	0.25-0.25	S	0.25	0.25-0.25	R	16	16.0-16.0	R	0.06	0.06-0.06	S
GCGS0953	6	237	1914	0.25	0.25-0.25	S	0.25	0.25-0.25	R	16	16.0-16.0	R	0.06	0.06-0.06	S
GCGS0954	6	238	1914	0.25	0.25-0.25	S	0.25	0.25-0.25	R	16	16.0-16.0	R	0.06	0.06-0.06	S
GCGS0955	6	243	1914	0.25	0.25-0.25	S	0.25	0.25-0.25	R	8	8.0-8.0	R	0.06	0.06-0.06	S
GCGS0956	6	240	1914	0.25	0.25-0.25	S	0.25	0.25-0.25	R	16	16.0-16.0	R	0.06	0.06-0.06	S
GCGS0957	6	235	1914	0.25	0.25-0.25	S	0.25	0.25-0.25	R	16	16.0-16.0	R	0.06	0.06-0.06	S
GCGS0958	6	236	1914	0.5	0.5-0.5	S	0.25	0.25-0.25	R	16	16.0-16.0	R	0.125	0.125-0.125	R
GCGS0959	6	242	1914	0.5	0.5-0.5	S	0.25	0.25-0.25	R	16	16.0-16.0	R	0.125	0.125-0.125	R
GCGS0960	6	234	1914	0.5	0.5-0.5	S	0.25	0.25-0.25	R	8	8.0-8.0	R	0.125	0.125-0.125	R
GCGS0961	6	239	1914	0.5	0.5-0.5	S	0.25	0.25-0.25	R	16	16.0-16.0	R	0.125	0.125-0.125	R
GCGS0962	6	205	2623	0.5	0.5-0.5	S	0.25	0.25-0.25	R	16	16.0-16.0	R	0.06	0.06-0.06	S
GCGS0963	6	232	1914	0.5	0.5-0.5	S	0.25	0.25-0.25	R	16	16.0-16.0	R	0.06	0.06-0.06	S
GCGS0964	4	1055	2700	0.25	0.25-0.25	S	0.25	0.25-0.25	R	0.015	0.015-0.015	S	0.03	0.03-0.03	S
GCGS0965	6	214	1900	0.5	0.5-0.5	S	0.25	0.25-0.25	R	16	16.0-16.0	R	0.06	0.06-0.06	S
GCGS0966	6	15	908	1	1.0-1.0	S	0.25	0.25-0.25	R	32	32.0-32.0	R	0.125	0.125-0.125	R
GCGS0967	6	175	908	0.5	0.5-0.5	S	0.25	0.25-0.25	R	16	16.0-16.0	R	0.03	0.03-0.03	S
GCGS0968	6	181	3424	0.5	0.5-0.5	S	0.125	0.125-0.125	S	4	4.0-4.0	R	0.032	0.032-0.032	S
GCGS0969	6	122	908	0.5	0.5-0.5	S	0.25	0.25-0.25	R	16	16.0-16.0	R	0.06	0.06-0.06	S
GCGS0970	6	98	NA	0.5	0.5-0.5	S	0.25	0.25-0.25	R	16	16.0-16.0	R	0.03	0.03-0.03	S
GCGS0971	6	176	908	1	1.0-1.0	S	0.25	0.25-0.25	R	16	16.0-16.0	R	0.06	0.06-0.06	S
GCGS0972	6	171	908	1	1.0-1.0	S	0.25	0.25-0.25	R	16	16.0-16.0	R	0.06	0.06-0.06	S
GCGS0973	6	135	908	0.5	0.5-0.5	S	0.25	0.25-0.25	R	8	8.0-8.0	R	0.06	0.06-0.06	S
GCGS0974	6	179	908	1	1.0-1.0	S	0.25	0.25-0.25	R	16	16.0-16.0	R	0.06	0.06-0.06	S
GCGS0975	6	14	908	0.5	0.5-0.5	S	0.25	0.25-0.25	R	32	32.0-32.0	R	0.06	0.06-0.06	S
GCGS0976	6	13	908	0.25	0.25-0.25	S	0.25	0.25-0.25	R	32	32.0-32.0	R	0.06	0.06-0.06	S
GCGS0977	6	123	908	0.5	0.5-0.5	S	0.25	0.25-0.25	R	16	16.0-16.0	R	0.06	0.06-0.06	S
GCGS0978	6	72	908	0.5	0.5-0.5	S	0.25	0.25-0.25	R	16	16.0-16.0	R	0.06	0.06-0.06	S
GCGS0979	6	172	908	0.5	0.5-0.5	S	0.25	0.25-0.25	R	16	16.0-16.0	R	0.06	0.06-0.06	S
GCGS0980	6	127	908	0.5	0.5-0.5	S	0.25	0.25-0.25	R	16	16.0-16.0	R	0.06	0.06-0.06	S
GCGS0981	6	166	908	0.5	0.5-0.5	S	0.25	0.25-0.25	R	16	16.0-16.0	R	0.06	0.06-0.06	S
GCGS0982	6	177	908	1	1.0-1.0	S	0.25	0.25-0.25	R	16	16.0-16.0	R	0.06	0.06-0.06	S
GCGS0983	6	56	908	1	1.0-1.0	S	0.25	0.25-0.25	R	16	16.0-16.0	R	0.06	0.06-0.06	S
GCGS0984	6	223	1914	0.25	0.25-0.25	S	0.25	0.25-0.25	R	16	16.0-16.0	R	0.06	0.06-0.06	S
GCGS0985	6	28	908	1	1.0-1.0	S	0.25	0.25-0.25	R	16	16.0-16.0	R	0.06	0.06-0.06	S
GCGS0986	6	222	1914	0.25	0.25-0.25	S	0.25	0.25-0.25	R	16	16.0-16.0	R	0.06	0.06-0.06	S
GCGS0987	6	140	908	0.5	0.5-0.5	S	0.25	0.25-0.25	R	16	16.0-16.0	R	0.06	0.06-0.06	S
GCGS0988	6	124	908	0.5	0.5-0.5	S	0.25	0.25-0.25	R	8	8.0-8.0	R	0.03	0.03-0.03	S
GCGS0989	6	174	5561	0.5	0.5-0.5	S	0.25	0.25-0.25	R	16	16.0-16.0	R	0.03	0.03-0.03	S
GCGS0990	6	1	908	0.5	0.5-0.5	S	0.125	0.125-0.125	S	16	16.0-16.0	R	0.032	0.032-0.032	S
GCGS0991	6	173	6388	0.5	0.5-0.5	S	0.125	0.125-0.125	S	16	16.0-16.0	R	0.032	0.032-0.032	S
GCGS0992	6	213	1900	0.5	0.5-0.5	S	0.25	0.25-0.25	R	16	16.0-16.0	R	0.06	0.06-0.06	S
GCGS0993	6	250	1914	0.25	0.25-0.25	S	0.25	0.25-0.25	R	16	16.0-16.0	R	0.06	0.06-0.06	S
GCGS0994	6	247	1914	0.25	0.25-0.25	S	0.25	0.25-0.25	R	16	16.0-16.0	R	0.06	0.06-0.06	S
GCGS0995	6	224	1914	0.25	0.25-0.25	S	0.25	0.25-0.25	R	16	16.0-16.0	R	0.125	0.125-0.125	R
GCGS0996	6	219	1914	0.5	0.5-0.5	S	0.25	0.25-0.25	R	16	16.0-16.0	R	0.06	0.06-0.06	S
GCGS0997	6	221	1914	0.5	0.5-0.5	S	0.25	0.25-0.25	R	16	16.0-16.0	R	0.06	0.06-0.06	S
GCGS0998	6	218	1914	0.5	0.5-0.5	S	0.25	0.25-0.25	R	16	16.0-16.0	R	0.125	0.125-0.125	R
GCGS0999	6	24	908	0.5	0.5-0.5	S	0.25	0.25-0.25	R	16	16.0-16.0	R	0.06	0.06-0.06	S
GCGS1000	6	119	908	0.25	0.25-0.25	S	0.25	0.25-0.25	R	16	16.0-16.0	R	0.06	0.06-0.06	S
GCGS1001	6	164	3669	0.5	0.5-0.5	S	0.25	0.25-0.25	R	32	32.0-32.0	R	0.125	0.125-0.125	R
GCGS1002	6	111	908	0.25	0.25-0.25	S	0.25	0.25-0.25	R	8	8.0-8.0	R	0.06	0.06-0.06	S
GCGS1003	6	217	1903	0.25	0.25-0.25	S	0.25	0.25-0.25	R	16	16.0-16.0	R	0.06	0.06-0.06	S
GCGS1004	6	12	908	0.25	0.25-0.25	S	0.25	0.25-0.25	R	16	16.0-16.0	R	0.125	0.125-0.125	R
GCGS1005	6	57	1388	0.5	0.5-0.5	S	0.25	0.25-0.25	R	16	16.0-16.0	R	0.06	0.06-0.06	S
GCGS1006	6	9	908	1	1.0-1.0	S	0.25	0.25-0.25	R	16	16.0-16.0	R	0.06	0.06-0.06	S
GCGS1007	6	47	4878	1	1.0-1.0	S	0.25	0.25-0.25	R	16	16.0-16.0	R	0.125	0.125-0.125	R
GCGS1008	6	138	908	0.5	0.5-0.5	S	0.25	0.25-0.25	R	16	16.0-16.0	R	0.06	0.06-0.06	S
GCGS1009	6	137	908	0.5	0.5-0.5	S	0.25	0.25-0.25	R	16	16.0-16.0	R	0.125	0.125-0.125	R
GCGS1010	6	66	908	0.5	0.5-0.5	S	0.25	0.25-0.25	R	16	16.0-16.0	R	0.06	0.06-0.06	S
GCGS1011	6	38	5922	0.5	0.5-0.5	S	0.25	0.25-0.25	R	16	16.0-16.0	R	0.06	0.06-0.06	S
GCGS1012	6	169	908	1	1.0-1.0	S	0.25	0.25-0.25	R	16	16.0-16.0	R	0.06	0.06-0.06	S
GCGS1013	2	861	4976	0.5	0.5-0.5	S	0.5	0.5-0.5	R	0.004	0.004-0.004	S	0.125	0.125-0.125	R
GCGS1014	2	845	2150	0.25	0.25-0.25	S	0.5	0.5-0.5	R	0.004	0.004-0.004	S	0.125	0.125-0.125	R
GCGS1015	1	611	NA	0.063	0.063-0.063	S	0.032	0.032-0.032	S	4	4.0-4.0	R	0.016	0.016-0.016	S
GCGS1016	6	53	4576	1	1.0-1.0	S	0.5	0.5-0.5	R	16	16.0-16.0	R	0.125	0.125-0.125	R
GCGS1017	3	539	5309	0.25	0.25-0.25	S	0.016	0.016-0.016	S	0.004	0.004-0.004	S	0.016	0.016-0.016	S
GCGS1018	5	360	455	2	2.0-2.0	R	-	0-Inf	s	16	16.0-16.0	R	0.008	0.008-0.008	S
GCGS1019	12	747	7	0.5	0.5-0.5	S	-	0-Inf	s	16	16.0-16.0	R	0.008	0.008-0.008	S
GCGS1020	1	588	NA	0.5	0.5-0.5	S	-	0-Inf	s	16	16.0-16.0	R	0.03	0.03-0.03	S
GCGS1021	1	590	4	0.5	0.5-0.5	S	-	0-Inf	s	16	16.0-16.0	R	0.03	0.03-0.03	S
GCGS1022	4	1095	1030	16	16.0-16.0	R	-	0-Inf	s	0.008	0.008-0.008	S	0.015	0.015-0.015	S
GCGS1023	5	368	28	0.5	0.5-0.5	S	-	0-Inf	s	8	8.0-8.0	R	0.015	0.015-0.015	S
GCGS1024	1	585	4	0.5	0.5-0.5	S	0.032	0.032-0.032	S	16	16.0-16.0	R	0.063	0.063-0.063	S
GCGS1025	4	1038	702	8	8.0-8.0	R	-	0-Inf	s	0.008	0.008-0.008	S	0.008	0.008-0.008	S
GCGS1026	5	394	14	16	16.0-16.0	R	-	0-Inf	s	16	16.0-16.0	R	0.06	0.06-0.06	S
GCGS1027	1	574	4	1	1.0-1.0	S	-	0-Inf	s	16	16.0-16.0	R	0.03	0.03-0.03	S
GCGS1028	8	787	5702	0.5	0.5-0.5	S	-	0-Inf	s	0.008	0.008-0.008	S	0.008	0.008-0.008	S
GCGS1029	8	806	NA	0.25	0.25-0.25	S	1	1.0-1.0	R	0.125	0.125-0.125	S	1	1.0-1.0	R
GCGS1030	4	998	3190	2	2.0-2.0	R	-	0-Inf	s	0.008	0.008-0.008	S	0.015	0.015-0.015	S
GCGS1031	4	995	3190	2	2.0-2.0	R	-	0-Inf	s	0.008	0.008-0.008	S	0.015	0.015-0.015	S
GCGS1032	4	996	3190	2	2.0-2.0	R	-	0-Inf	s	0.008	0.008-0.008	S	0.008	0.008-0.008	S
GCGS1033	4	997	3190	2	2.0-2.0	R	-	0-Inf	s	0.008	0.008-0.008	S	0.015	0.015-0.015	S
GCGS1034	4	883	1030	8	8.0-8.0	R	-	0-Inf	s	0.008	0.008-0.008	S	0.008	0.008-0.008	S
GCGS1035	1	600	223	0.5	0.5-0.5	S	0.032	0.032-0.032	S	32	32.0-32.0	R	0.125	0.125-0.125	R
GCGS1036	1	586	4	0.5	0.5-0.5	S	0.032	0.032-0.032	S	16	16.0-16.0	R	0.063	0.063-0.063	S
GCGS1037	5	291	14	0.5	0.5-0.5	S	-	0-Inf	s	8	8.0-8.0	R	0.03	0.03-0.03	S
GCGS1038	1	619	NA	0.5	0.5-0.5	S	-	0-Inf	s	4	4.0-4.0	R	0.06	0.06-0.06	S
GCGS1039	3	521	14	4	4.0-4.0	R	-	0-Inf	s	0.03	0.03-0.03	S	0.06	0.06-0.06	S
GCGS1040	3	522	14	4	4.0-4.0	R	-	0-Inf	s	0.015	0.015-0.015	S	0.03	0.03-0.03	S
GCGS1041	5	315	14	0.5	0.5-0.5	S	-	0-Inf	s	16	16.0-16.0	R	0.03	0.03-0.03	S
GCGS1042	6	165	908	1	1.0-1.0	S	0.25	0.25-0.25	R	16	16.0-16.0	R	0.125	0.125-0.125	R
GCGS1043	3	464	187	2	2.0-2.0	R	-	0-Inf	s	16	16.0-16.0	R	0.008	0.008-0.008	S
GCGS1044	3	467	187	2	2.0-2.0	R	-	0-Inf	s	0.015	0.015-0.015	S	0.015	0.015-0.015	S
GCGS1045	3	465	187	2	2.0-2.0	R	-	0-Inf	s	0.015	0.015-0.015	S	0.015	0.015-0.015	S
GCGS1046	8	808	389	0.5	0.5-0.5	S	-	0-Inf	s	0.015	0.015-0.015	S	0.008	0.008-0.008	S
GCGS1047	3	501	4	2	2.0-2.0	R	-	0-Inf	s	0.015	0.015-0.015	S	0.03	0.03-0.03	S
GCGS1048	11	699	19	16	16.0-16.0	R	-	0-Inf	s	0.008	0.008-0.008	S	0.008	0.008-0.008	S
GCGS1049	6	202	908	1	1.0-1.0	S	0.125	0.125-0.125	S	16	16.0-16.0	R	0.125	0.125-0.125	R
GCGS1050	1	577	5120	1	1.0-1.0	S	-	0-Inf	s	16	16.0-16.0	R	0.06	0.06-0.06	S
GCGS1051	6	201	908	1	1.0-1.0	S	0.125	0.125-0.125	S	16	16.0-16.0	R	0.063	0.063-0.063	S
GCGS1052	6	199	908	1	1.0-1.0	S	0.125	0.125-0.125	S	16	16.0-16.0	R	0.063	0.063-0.063	S
GCGS1053	10	765	87	0.5	0.5-0.5	S	-	0-Inf	s	0.008	0.008-0.008	S	0.008	0.008-0.008	S
GCGS1054	5	316	14	2	2.0-2.0	R	-	0-Inf	s	16	16.0-16.0	R	0.06	0.06-0.06	S
GCGS1055	3	463	14	2	2.0-2.0	R	-	0-Inf	s	0.015	0.015-0.015	S	0.03	0.03-0.03	S
GCGS1056	6	203	908	1	1.0-1.0	S	0.125	0.125-0.125	S	16	16.0-16.0	R	0.063	0.063-0.063	S
GCGS1057	6	200	NA	0.5	0.5-0.5	S	1	1.0-1.0	R	6	6.0-6.0	R	0.25	0.25-0.25	R
GCGS1058	5	406	NA	0.25	0.25-0.25	S	-	0-Inf	s	8	8.0-8.0	R	0.015	0.015-0.015	S
GCGS1059	1	578	4	0.5	0.5-0.5	S	-	0-Inf	s	16	16.0-16.0	R	0.03	0.03-0.03	S
GCGS1060	5	311	105	1	1.0-1.0	S	-	0-Inf	s	4	4.0-4.0	R	0.008	0.008-0.008	S
GCGS1061	1	593	683	0.063	0.063-0.063	S	0.032	0.032-0.032	S	8	8.0-8.0	R	0.016	0.016-0.016	S
GCGS1062	4	881	2602	8	8.0-8.0	R	-	0-Inf	s	0.008	0.008-0.008	S	0.015	0.015-0.015	S
GCGS1063	1	636	250	0.5	0.5-0.5	S	-	0-Inf	s	16	16.0-16.0	R	0.008	0.008-0.008	S
GCGS1064	1	581	NA	0.5	0.5-0.5	S	-	0-Inf	s	16	16.0-16.0	R	0.03	0.03-0.03	S
GCGS1065	1	615	NA	0.5	0.5-0.5	S	-	0-Inf	s	8	8.0-8.0	R	0.03	0.03-0.03	S
GCGS1066	1	596	5750	0.5	0.5-0.5	S	-	0-Inf	s	4	4.0-4.0	R	0.015	0.015-0.015	S
GCGS1067	1	616	NA	0.5	0.5-0.5	S	-	0-Inf	s	16	16.0-16.0	R	0.03	0.03-0.03	S
GCGS1068	6	229	1914	0.5	0.5-0.5	S	0.125	0.125-0.125	S	16	16.0-16.0	R	0.063	0.063-0.063	S
GCGS1069	5	290	14	1	1.0-1.0	S	-	0-Inf	s	16	16.0-16.0	R	0.06	0.06-0.06	S
GCGS1070	5	437	NA	0.5	0.5-0.5	S	-	0-Inf	r	16	16.0-16.0	R	0.03	0.03-0.03	S
GCGS1071	5	388	NA	0.5	0.5-0.5	S	-	0-Inf	s	8	8.0-8.0	R	0.03	0.03-0.03	S
GCGS1072	5	387	14	1	1.0-1.0	S	-	0-Inf	s	16	16.0-16.0	R	0.03	0.03-0.03	S
GCGS1073	5	401	1678	0.5	0.5-0.5	S	-	0-Inf	s	16	16.0-16.0	R	0.03	0.03-0.03	S
GCGS1074	1	597	4	0.5	0.5-0.5	S	-	0-Inf	s	16	16.0-16.0	R	0.03	0.03-0.03	S
GCGS1075	2	823	NA	0.5	0.5-0.5	S	-	0-Inf	s	0.008	0.008-0.008	S	0.008	0.008-0.008	S
GCGS1076	8	732	90	1	1.0-1.0	S	-	0-Inf	s	0.008	0.008-0.008	S	0.008	0.008-0.008	S
GCGS1077	6	141	908	2	2.0-2.0	R	-	0-Inf	s	16	16.0-16.0	R	0.008	0.008-0.008	S
GCGS1078	6	113	908	0.5	0.5-0.5	S	0.25	0.25-0.25	R	16	16.0-16.0	R	0.125	0.125-0.125	R
GCGS1079	6	143	908	1	1.0-1.0	S	-	0-Inf	s	8	8.0-8.0	R	0.015	0.015-0.015	S
GCGS1080	5	323	NA	1	1.0-1.0	S	-	0-Inf	s	16	16.0-16.0	R	0.03	0.03-0.03	S
GCGS1081	4	1020	NA	8	8.0-8.0	R	-	0-Inf	s	0.008	0.008-0.008	S	0.008	0.008-0.008	S
GCGS1082	4	1080	702	16	16.0-16.0	R	-	0-Inf	r	0.008	0.008-0.008	S	0.008	0.008-0.008	S
GCGS1083	4	1079	702	16	16.0-16.0	R	-	0-Inf	r	0.008	0.008-0.008	S	0.008	0.008-0.008	S
GCGS1084	5	430	1259	1	1.0-1.0	S	-	0-Inf	s	32	32.0-32.0	R	0.03	0.03-0.03	S
GCGS1085	5	385	14	0.5	0.5-0.5	S	-	0-Inf	s	4	4.0-4.0	R	0.008	0.008-0.008	S
GCGS1086	5	325	14	1	1.0-1.0	S	-	0-Inf	s	8	8.0-8.0	R	0.03	0.03-0.03	S
GCGS1087	5	326	14	2	2.0-2.0	R	-	0-Inf	s	4	4.0-4.0	R	0.06	0.06-0.06	S
GCGS1088	5	324	14	1	1.0-1.0	S	-	0-Inf	s	4	4.0-4.0	R	0.03	0.03-0.03	S
GCGS1089	5	322	14	1	1.0-1.0	S	-	0-Inf	s	4	4.0-4.0	R	0.06	0.06-0.06	S
GCGS1090	6	157	908	1	1.0-1.0	S	-	0-Inf	s	16	16.0-16.0	R	0.015	0.015-0.015	S
GCGS1091	6	156	908	0.5	0.5-0.5	S	-	0-Inf	s	16	16.0-16.0	R	0.008	0.008-0.008	S
GCGS1092	5	298	105	0.125	0.125-0.125	S	-	0-Inf	s	2	2.0-2.0	R	0.008	0.008-0.008	S
GCGS1093	1	584	4	0.5	0.5-0.5	S	0.015	0.015-0.015	S	0.015	0.015-0.015	S	0.008	0.008-0.008	S
GCGS1094	5	312	262	1	1.0-1.0	S	0.008	0.008-0.008	S	2	2.0-2.0	R	0.004	0.004-0.004	S
GCGS1095	2	847	NA	0.5	0.5-0.5	S	1	1.0-1.0	R	0.015	0.015-0.015	S	1	1.0-1.0	R
GCGS1096	11	725	105	0.25	0.25-0.25	S	0.03	0.03-0.03	S	0.008	0.008-0.008	S	0.008	0.008-0.008	S
GCGS1097	2	867	87	0.25	0.25-0.25	S	0.06	0.06-0.06	S	0.06	0.06-0.06	S	0.03	0.03-0.03	S
GCGS1098	5	378	NA	0.25	0.25-0.25	S	0.03	0.03-0.03	S	2	2.0-2.0	R	0.015	0.015-0.015	S
GCGS1099	1	622	4	0.25	0.25-0.25	S	0.06	0.06-0.06	S	16	16.0-16.0	R	0.03	0.03-0.03	S
GCGS1100	5	345	453	0.25	0.25-0.25	S	0.015	0.015-0.015	S	4	4.0-4.0	R	0.015	0.015-0.015	S
GCGS1101	5	337	14	0.25	0.25-0.25	S	0.008	0.008-0.008	S	8	8.0-8.0	R	0.008	0.008-0.008	S
GCGS1102	1	623	4	0.5	0.5-0.5	S	0.06	0.06-0.06	S	16	16.0-16.0	R	0.03	0.03-0.03	S
GCGS1103	8	689	NA	0.25	0.25-0.25	S	0.03	0.03-0.03	S	0.004	0.004-0.004	S	0.015	0.015-0.015	S
GCGS1104	5	330	14	0.25	0.25-0.25	S	0.03	0.03-0.03	S	8	8.0-8.0	R	0.03	0.03-0.03	S
